-- phpMyAdmin SQL Dump
-- version 5.1.1
-- https://www.phpmyadmin.net/
--
-- Host: 127.0.0.1
-- Generation Time: Jul 16, 2021 at 05:02 AM
-- Server version: 10.4.19-MariaDB
-- PHP Version: 8.0.7

SET SQL_MODE = "NO_AUTO_VALUE_ON_ZERO";
START TRANSACTION;
SET time_zone = "+00:00";


/*!40101 SET @OLD_CHARACTER_SET_CLIENT=@@CHARACTER_SET_CLIENT */;
/*!40101 SET @OLD_CHARACTER_SET_RESULTS=@@CHARACTER_SET_RESULTS */;
/*!40101 SET @OLD_COLLATION_CONNECTION=@@COLLATION_CONNECTION */;
/*!40101 SET NAMES utf8mb4 */;

--
-- Database: `qltintuc`
--

-- --------------------------------------------------------

--
-- Table structure for table `loaitin`
--

CREATE TABLE `loaitin` (
  `maloai` int(11) NOT NULL,
  `tenloai` varchar(20) COLLATE utf8_unicode_ci NOT NULL
) ENGINE=InnoDB DEFAULT CHARSET=utf8 COLLATE=utf8_unicode_ci;

--
-- Dumping data for table `loaitin`
--

INSERT INTO `loaitin` (`maloai`, `tenloai`) VALUES
(1, 'tin mới'),
(2, 'thể thao'),
(3, 'xã hỗi'),
(4, 'Sức khỏe'),
(5, 'pháp luật');

-- --------------------------------------------------------

--
-- Table structure for table `luotxem`
--

CREATE TABLE `luotxem` (
  `MaTin` int(11) NOT NULL,
  `LuotXem` int(11) NOT NULL
) ENGINE=InnoDB DEFAULT CHARSET=utf8 COLLATE=utf8_unicode_ci;

--
-- Dumping data for table `luotxem`
--

INSERT INTO `luotxem` (`MaTin`, `LuotXem`) VALUES
(17, 16),
(18, 1),
(19, 0),
(20, 13),
(21, 0),
(22, 0),
(23, 0),
(24, 0),
(25, 0),
(26, 0),
(27, 0),
(28, 0),
(29, 0),
(30, 0),
(31, 0),
(32, 0),
(33, 0),
(34, 0),
(35, 1),
(36, 0),
(37, 0),
(38, 0),
(39, 0),
(40, 0),
(41, 0),
(42, 10),
(43, 20),
(44, 30),
(45, 50),
(46, 5),
(47, 6),
(48, 7),
(49, 8),
(50, 9),
(51, 20),
(52, 0),
(53, 0),
(54, 0),
(55, 0),
(56, 0),
(57, 0),
(58, 2),
(59, 0),
(60, 0),
(61, 0),
(62, 1);

-- --------------------------------------------------------

--
-- Table structure for table `tintuc`
--

CREATE TABLE `tintuc` (
  `matin` int(11) NOT NULL,
  `tieude` varchar(30) COLLATE utf8_unicode_ci NOT NULL,
  `noidung` varchar(20000) COLLATE utf8_unicode_ci NOT NULL,
  `tacgia` varchar(30) COLLATE utf8_unicode_ci NOT NULL,
  `ngayviet` date NOT NULL,
  `maloaitin` int(11) NOT NULL,
  `MoTa` varchar(1000) COLLATE utf8_unicode_ci NOT NULL,
  `hinhanh` varchar(255) COLLATE utf8_unicode_ci NOT NULL
) ENGINE=InnoDB DEFAULT CHARSET=utf8 COLLATE=utf8_unicode_ci;

--
-- Dumping data for table `tintuc`
--

INSERT INTO `tintuc` (`matin`, `tieude`, `noidung`, `tacgia`, `ngayviet`, `maloaitin`, `MoTa`, `hinhanh`) VALUES
(17, 'Djokovic có thể giành 25 Grand', '<p>Novak&nbsp;<a href=\"https://www.24h.com.vn/novak-djokovic-c101e4417.html\" title=\"Djokovic\">Djokovic</a>&nbsp;đ&atilde; được v&iacute; như &quot;Qu&aacute;i vật&quot;, hay &quot;Cỗ m&aacute;y&quot; sau khi gi&agrave;nh chiến thắng tại Wimbledon 2021. Tay vợt số 1 l&agrave;ng banh nỉ đang sở hữu phong độ cao, t&acirc;m l&yacute; vững v&agrave;ng v&agrave; hiện vượt l&ecirc;n so với phần c&ograve;n lại. Tr&ecirc;n thực tế, người ta kh&ocirc;ng c&ograve;n muốn b&agrave;n về G.O.A.T (tay vợt vĩ đại nhất lịch sử) giữa nh&oacute;m &quot;Big 3&quot; sau trận chung kết Roland Garros 2021.</p>\r\n\r\n<p>&nbsp;</p>\r\n\r\n<p style=\"text-align:center\"><img alt=\"Djokovic có thể giành 25 Grand Slam, Nadal không muốn Federer giải nghệ - 1\" src=\"https://cdn.24h.com.vn/upload/3-2021/images/2021-07-13/Djokovic-co-the-gianh-25-Grand-Slam-Nadal-phan-doi-dieu-nay-ve-Federer-tennis1-1626173749-594-width660height415.jpg\" /></p>\r\n\r\n<p>&nbsp;</p>\r\n\r\n<p>Với phong độ hiện tại của Djokovic (phải) sẽ l&agrave; lỗi thời cho ai đ&oacute; c&ograve;n tranh c&atilde;i về chuyện tay vợt vĩ đại nhất lịch sử</p>\r\n\r\n<p>Đ&oacute; ch&iacute;nh l&agrave; nơi Djokovic đ&atilde; đ&aacute;nh bại &quot;Vua đất nện&quot;, tay vợt vĩ đại nhất Roland Garros với 12 danh hiệu v&agrave; sau đ&oacute; đ&aacute;nh bại Tistispas để l&ecirc;n ng&ocirc;i v&ocirc; địch, d&ugrave; đ&atilde; thua 2 set trước. Sau m&agrave;n so t&agrave;i ấy người ta đ&atilde; hiểu rằng Djokovic qu&aacute; to&agrave;n diện, v&igrave; thế chuyện anh sẽ dẫn đầu số lượng Grand Slam v&agrave; trở th&agrave;nh &quot;số 1 của mọi số 1 tenni&quot; chỉ l&agrave; vấn đề thời gian.</p>\r\n\r\n<p>Huyền thoại người Mỹ John McEnroe, hiện đang l&agrave;m b&igrave;nh luận vi&ecirc;n&nbsp;<a href=\"https://www.24h.com.vn/tennis-c119.html\" title=\"tennis\">tennis</a>, một người c&oacute; c&aacute; t&iacute;nh mạnh v&agrave; kh&oacute; t&iacute;nh về chuy&ecirc;n m&ocirc;n cũng phải khẳng định với BBC: &quot;Djokovic&nbsp;đ&atilde; chơi thứ tennis tốt hơn so với những g&igrave; anh ấy từng thể hiện. T&ocirc;i nghĩ anh ấy c&oacute; thể sẽ thắng &iacute;t nhất 5 Grand Slam nữa (chạm 25 danh hiệu)&hellip; t&ugrave;y thuộc v&agrave;o chấn thương v&agrave; sức khỏe&quot;.</p>\r\n\r\n<p>Chung quan điểm với John McEnroe, cựu tay vợt người Anh Tim Henman&nbsp;tin rằng Djokovic sẽ vượt qua kỷ lục gi&agrave;nh 24 Grand Slam của huyền thoại đơn nữ Margaret Court.</p>\r\n\r\n<p>Henman n&oacute;i với BBC: &ldquo;Bạn h&atilde;y nh&igrave;n v&agrave;o c&aacute;ch anh ấy thi đấu, cường độ v&agrave; sự nhất qu&aacute;n của anh ấy, t&ocirc;i thực sự nghĩ rằng anh ấy sẽ gi&agrave;nh c&agrave; 4 Grand Slam trong năm nay. Kh&ocirc;ng c&ograve;n nghi ngờ g&igrave; nữa, Nole sẽ vượt qua kỷ lục của Court, sẽ trở th&agrave;nh tay vợt nam vĩ đại nhất mọi thời đại&quot;.</p>\r\n\r\n<p>Tr&aacute;i với sự thăng hoa của Djokovic,&nbsp;<a href=\"https://www.24h.com.vn/roger-federer-tay-vot-vi-dai-c101e3113.html\" title=\"Federer\">Federer</a>&nbsp;v&agrave; Nadal đang trồi sụt v&agrave; đứng trước nguy cơ giải nghệ. Người ta đ&atilde; n&oacute;i về việc &quot;T&agrave;u tốc h&agrave;nh&quot; Federer n&ecirc;n giải nghệ sau Wimbledon, tuy nhi&ecirc;n Nadal kh&ocirc;ng muốn điều ấy.</p>\r\n\r\n<p>Tay vợt 35 tuổi n&oacute;i với Tennishead rằng, anh thấy ở Federer vẫn c&ograve;n rất nhiều năng lượng v&agrave; kh&aacute;t khao, anh muốn đồng nghiệp người Thụy Sỹ (gần bước sang tuổi 40)&nbsp;bỏ qua mọi lời khuy&ecirc;n giải nghệ để tiếp tục chinh phục tennis.</p>\r\n', 'uyên vũ', '2021-07-14', 1, '(Tin thể thao, tin tennis) Ngay cả những người khó tính nhất cũng tin rằng Novak Djokovic sẽ còn giành thêm nhiều Grand Slam.', 'quanvot.png'),
(18, 'Bộ Nông nghiệp đề nghị TPHCM t', '<p>Bộ N&ocirc;ng nghiệp v&agrave; Ph&aacute;t triển n&ocirc;ng th&ocirc;n (NN&amp;PTNT) đ&atilde; c&oacute; c&ocirc;ng văn gửi UBND c&aacute;c tỉnh, th&agrave;nh phố v&ugrave;ng Đ&ocirc;ng Nam bộ v&agrave; Đồng bằng s&ocirc;ng Cửu Long; UBND TPHCM về việc triển khai chỉ đạo của Thủ tướng Ch&iacute;nh phủ về đảm bảo lương thực, thực phẩm trong điều kiện dịch bệnh Covid-19.</p>\r\n\r\n<p>Bộ NN&amp;PTNT đề nghị chủ tịch UBND c&aacute;c tỉnh, th&agrave;nh phố khẩn trương chỉ đạo c&aacute;c cơ quan chuy&ecirc;n m&ocirc;n tổ chức r&agrave; so&aacute;t, đ&aacute;nh gi&aacute; t&igrave;nh h&igrave;nh sản xuất c&aacute;c loại n&ocirc;ng sản ch&iacute;nh tại địa phương, bao gồm: chủng loại, sản lượng đang thu hoạch v&agrave; sẽ thu hoạch dự kiến theo từng th&aacute;ng đến hết năm 2021; x&acirc;y dựng kế hoạch ti&ecirc;u thụ n&ocirc;ng sản của địa phương ph&ugrave; hợp với điều kiện ph&ograve;ng, chống dịch Covid-19. Đồng thời, dự b&aacute;o những kh&oacute; khăn, vướng mắc trong sản xuất, thu hoạch, bảo quản, lưu th&ocirc;ng ti&ecirc;u thụ trong nước v&agrave; xuất khẩu; kiến nghị với c&aacute;c cơ quan c&oacute; thẩm quyền để th&aacute;o gỡ, giải quyết kh&oacute; khăn.</p>\r\n\r\n<p style=\"text-align:center\"><img alt=\"Bộ Nông nghiệp đề nghị TPHCM thông tin nhu cầu lương thực, thực phẩm - 1\" src=\"https://icdn.dantri.com.vn/thumb_w/660/2021/07/14/ho-chi-minh-1626219472373.jpg\" title=\"Bộ Nông nghiệp đề nghị TPHCM thông tin nhu cầu lương thực, thực phẩm - 1\" /></p>\r\n\r\n<p>Nhấn để ph&oacute;ng to ảnh</p>\r\n\r\n<p>Đường phố TPHCM trong những ng&agrave;y gi&atilde;n c&aacute;ch x&atilde; hội để ph&ograve;ng, chống dịch Covid-19. (Ảnh: Tiến Tuấn).</p>\r\n\r\n<p>Bộ NN&amp;PTNT đề nghị, trước mắt, chỉ đạo c&aacute;c Ban Chỉ đạo ph&ograve;ng, chống dịch&nbsp;<a href=\"https://dantri.com.vn/suc-khoe/dai-dich-covid-19.htm\">Covid-19</a>&nbsp;của tỉnh, th&agrave;nh phố ưu ti&ecirc;n, tạo điều kiện tối đa trong lưu th&ocirc;ng, ti&ecirc;u thụ n&ocirc;ng sản, ưu ti&ecirc;n ti&ecirc;m vắc xin ph&ograve;ng chống Covid-19 cho c&aacute;c đối tượng tham gia chuỗi cung ứng n&ocirc;ng sản.</p>\r\n\r\n<p>Ri&ecirc;ng với TPHCM, Bộ NN&amp;PTNT đề nghị UBND th&agrave;nh phố th&ocirc;ng tin kịp thời nhu cầu lương thực, thực phẩm cần được cung ứng để đảm bảo cuộc sống của nh&acirc;n d&acirc;n trong điều kiện thực hiện c&aacute;c biện ph&aacute;p cấp b&aacute;ch ph&ograve;ng, chống&nbsp;<a href=\"https://dantri.com.vn/suc-khoe/dai-dich-covid-19.htm\">dịch Covid-19</a>&nbsp;theo nguy&ecirc;n tắc Chỉ thị 16.</p>\r\n\r\n<p>Hiện h&agrave;ng loạt si&ecirc;u thị tr&ecirc;n địa b&agrave;n TPHCM đ&atilde; tổ chức b&aacute;n h&agrave;ng lưu động. Người d&acirc;n đ&atilde; c&oacute; thể mua được thịt, c&aacute;, rau củ... ngay ở vỉa h&egrave; thậm ch&iacute; l&agrave; trong khu phong tỏa. C&oacute; si&ecirc;u thị c&ograve;n kết hợp với Hội Phụ nữ của quận để triển m&ocirc; h&igrave;nh &quot;đi chợ gi&ugrave;m&quot; người d&acirc;n. Theo đ&oacute;, si&ecirc;u thị sẽ gom đơn theo phiếu đăng k&yacute; của người d&acirc;n v&agrave; giao h&agrave;ng tại điểm cố định v&agrave;o ng&agrave;y h&ocirc;m sau. Nh&acirc;n vi&ecirc;n b&aacute;n h&agrave;ng đều mặc đồ bảo hộ.</p>\r\n', 'Nguyễn Dương', '2021-07-15', 3, 'Bộ NN&PTNT đề nghị TPHCM thông tin kịp thời nhu cầu lương thực, thực phẩm cần được cung ứng để đảm bảo cuộc sống của nhân dân trong điều kiện cách ly xã hội.', 'xh1.jpeg'),
(19, 'Đi tập thể dục, cô gái trẻ bất', '<p>Tr&ecirc;n đường đi tập thể dục về, c&ocirc; g&aacute;i trẻ bất ngờ bị N&ocirc;ng Văn Toản lao v&agrave;o t&uacute;m t&oacute;c, d&ugrave;ng dao cứa v&agrave;o cổ.</p>\r\n\r\n<p style=\"text-align:center\"><img alt=\"Đi tập thể dục, cô gái trẻ bất ngờ bị nam thanh niên túm tóc rồi cứa cổ - 1\" src=\"https://icdn.dantri.com.vn/thumb_w/660/2021/07/14/20210714092427-crop-1626229563534.jpeg\" title=\"Đi tập thể dục, cô gái trẻ bất ngờ bị nam thanh niên túm tóc rồi cứa cổ - 1\" /></p>\r\n\r\n<p>Nhấn để ph&oacute;ng to ảnh</p>\r\n\r\n<p>Đối tượng N&ocirc;ng Văn Toản tại hiện trường xảy ra vụ việc (Ảnh: C&ocirc;ng an huyện Y&ecirc;n Thế).</p>\r\n\r\n<p>Ng&agrave;y 14/7, trao đổi với ph&oacute;ng vi&ecirc;n&nbsp;<em>D&acirc;n tr&iacute;,</em>&nbsp;l&atilde;nh đạo C&ocirc;ng an huyện Y&ecirc;n Thế (tỉnh Bắc Giang) cho biết, đang điều tra việc đối tượng N&ocirc;ng Văn Toản (SN 1994, tr&uacute; tại x&atilde; Hồng Kỳ, huyện Y&ecirc;n Thế) g&acirc;y thương t&iacute;ch cho L.P.T. (tr&uacute; tại 20 tuổi, tạm tr&uacute; x&atilde; Đồng Hương, huyện Y&ecirc;n Thế).</p>\r\n\r\n<p>Trước đ&oacute;, v&agrave;o khoảng 20h30 ng&agrave;y 11/7, tại khu vực đường t&agrave;u thuộc bản Cầu Tư (x&atilde; Hồng Kỳ), chị L.P.T. tr&ecirc;n đường đi tập thể dục về th&igrave; bất ngờ bị Toản t&uacute;m t&oacute;c, d&ugrave;ng dao cứa v&agrave;o cổ.</p>\r\n\r\n<p>Vụ việc khiến chị T. bị thương phải đi cấp cứu tại Trung t&acirc;m Y tế huyện Y&ecirc;n Thế. Nạn nh&acirc;n may mắn kh&ocirc;ng ảnh hưởng đến t&iacute;nh mạng.</p>\r\n\r\n<p>Tại C&ocirc;ng an huyện Y&ecirc;n Thế, N&ocirc;ng Văn Toản đ&atilde; khai nhận to&agrave;n bộ sự việc.&nbsp;</p>\r\n\r\n<p>C&ocirc;ng an huyện Y&ecirc;n Thế đang lập hồ sơ để xử l&yacute; vụ việc theo quy định của ph&aacute;p luật.</p>\r\n', 'Bá Đoàn', '2021-07-15', 5, 'Trên đường đi tập thể dục về, cô gái trẻ bất ngờ bị Nông Văn Toản lao vào túm tóc, dùng dao cứa vào cổ.', 'pl1.jpeg'),
(20, 'Hành động lạ của Chiellini trư', '<p>Bukayo Saka trở th&agrave;nh tội đồ của đội tuyển Anh khi đ&aacute; hỏng quả lu&acirc;n lưu quyết định khiến &quot;Tam sư&quot; thua Italia 2-3 tr&ecirc;n chấm lu&acirc;n lưu. Trước Saka, hai đồng đội l&agrave; Rashford v&agrave; Sancho đều kh&ocirc;ng thực hiện th&agrave;nh c&ocirc;ng.</p>\r\n\r\n<p style=\"text-align:center\"><img alt=\"Hành động lạ của Chiellini trước khi Saka đá hỏng phạt đền - 1\" src=\"https://icdn.dantri.com.vn/thumb_w/660/2021/07/14/chiellini-1626224144148.jpg\" title=\"Hành động lạ của Chiellini trước khi Saka đá hỏng phạt đền - 1\" /></p>\r\n\r\n<p>Nhấn để ph&oacute;ng to ảnh</p>\r\n\r\n<p>Chiellini c&oacute; ph&aacute;t ng&ocirc;n lạ trước thời điểm Saka đ&aacute; phạt đền.</p>\r\n\r\n<p>Trước thời điểm Saka chuẩn bị đ&aacute; phạt đền, ống k&iacute;nh m&aacute;y quay ghi được h&igrave;nh ảnh Giorgio Chiellini đ&atilde; lẩm bẩm trong miệng những từ ngữ lạ.</p>\r\n\r\n<p>Trong cuộc trả lời tờ ESPN Argentina sau khi trở về Italia, thủ qu&acirc;n của Azzurri x&aacute;c nhận c&acirc;u anh n&oacute;i l&agrave; &quot;Kiricocho&quot;, một cụm từ c&oacute; nguồn gốc từ Nam Mỹ mang nghĩa l&agrave; &quot;nguyền rủa&quot;.</p>\r\n\r\n<p>Mặc d&ugrave; vậy, đ&acirc;y kh&ocirc;ng hẳn l&agrave; l&yacute; do khiến Saka trở th&agrave;nh tội đồ của đội tuyển Anh. Sức &eacute;p qu&aacute; lớn với loạt đ&aacute; quyết định ở trận chung kết Euro 2020 khiến Saka kh&ocirc;ng thể đ&aacute;nh bại được thủ th&agrave;nh Donnarumma.</p>\r\n\r\n<p>C&uacute; đ&aacute; của cầu thủ 19 tuổi c&oacute; hướng tr&ugrave;ng với pha đ&aacute; hỏng trước đ&oacute; của Jadon Sancho, n&ecirc;n bị Gianluigi Donnarumma bắt b&agrave;i. Hai cầu thủ Anh thực hiện th&agrave;nh c&ocirc;ng l&agrave; Harry Maguire v&agrave; Harry Kane.</p>\r\n\r\n<p style=\"text-align:center\"><img alt=\"Hành động lạ của Chiellini trước khi Saka đá hỏng phạt đền - 2\" src=\"https://icdn.dantri.com.vn/thumb_w/660/2021/07/14/saka-1626224143826.jpg\" title=\"Hành động lạ của Chiellini trước khi Saka đá hỏng phạt đền - 2\" /></p>\r\n\r\n<p>Nhấn để ph&oacute;ng to ảnh</p>\r\n\r\n<p>Saka kh&oacute;c sau khi đ&aacute; hỏng quả lu&acirc;n lưu quyết định khiến Anh thua Italia.</p>\r\n\r\n<p>Trong qu&aacute; khứ, HLV huyền thoại Carlos Bilardo đ&atilde; từng ph&aacute;t ng&ocirc;n từ &quot;Kiricocho&quot; để phản ph&aacute;o lại c&aacute;c cổ động vi&ecirc;n CLB Estudiantes ở giải Argentina những năm 1980.</p>\r\n\r\n<p>Ở trận chung kết World Cup 2010, Joan Capdevila cũng sử dụng từ n&agrave;y để ch&acirc;m chọc Arjen Robben, sau khi ng&ocirc;i sao đội tuyển H&agrave; Lan bỏ lỡ cơ hội mười mươi khi đối mặt thủ m&ocirc;n Casillas, ở trận đấu với đội tuyển T&acirc;y Ban Nha.</p>\r\n', 'Thùy Anh', '2021-07-15', 2, 'Tờ Daily Mail tiết lộ về những phát ngôn của Chiellini, trước thời điểm Saka bước lên thực hiện quả đá 11m ở trận chung kết Euro 2020 Anh - Italia.', 'th2.jpeg'),
(21, 'Hà Nội: Thêm 3 ca dương tính S', '<p>Tất cả c&aacute;c trường hợp dương t&iacute;nh&nbsp;<a href=\"https://dantri.com.vn/suc-khoe/dai-dich-covid-19.htm\">SARS-CoV-2</a>&nbsp;mới đều l&agrave; F1 đ&atilde; được c&aacute;ch ly tập trung trước đ&oacute; v&agrave; được Trung t&acirc;m Kiểm so&aacute;t Bệnh tật H&agrave; Nội x&eacute;t nghiệm khẳng định, cụ thể:</p>\r\n\r\n<p>Bệnh nh&acirc;n V.T.K., nam, sinh năm 1992, địa chỉ tại Th&aacute;i H&ograve;a, H&ograve;a X&aacute;, Ứng H&ograve;a. Bệnh nh&acirc;n l&agrave; F1 (con) của BN30525, đ&atilde; được c&aacute;ch ly - thuộc ch&ugrave;m li&ecirc;n quan đến TPHCM tại H&ograve;a X&aacute;, Ứng H&ograve;a. Bệnh nh&acirc;n c&ugrave;ng BN30525 v&agrave; 7 người trong gia đ&igrave;nh từ TPHCM về H&agrave; Nội ng&agrave;y 5/7 (chuyến bay VN216), sau đ&oacute; bệnh nh&acirc;n tự c&aacute;ch ly tại nh&agrave;.</p>\r\n\r\n<p>Ng&agrave;y 11/7, sau khi BN30525 dương t&iacute;nh, bệnh nh&acirc;n V.T.K. đ&atilde; được c&aacute;ch ly v&agrave; lấy mẫu x&eacute;t nghiệm lần một cho kết quả &acirc;m t&iacute;nh. Tối 12/7, bệnh nh&acirc;n xuất hiện sốt v&agrave; được lấy mẫu x&eacute;t nghiệm, kết quả dương t&iacute;nh với SARS-CoV-2.</p>\r\n\r\n<p><img alt=\"Hà Nội: Thêm 3 ca dương tính SARS-CoV-2, có trường hợp liên quan TPHCM - 1\" src=\"https://icdn.dantri.com.vn/thumb_w/660/2021/07/09/xetnghiem231625147415195-1625844363718.jpg\" title=\"Hà Nội: Thêm 3 ca dương tính SARS-CoV-2, có trường hợp liên quan TPHCM - 1\" /></p>\r\n\r\n<p>Nhấn để ph&oacute;ng to ảnh</p>\r\n\r\n<p>X&eacute;t nghiệm Covid-19 (Ảnh minh họa).</p>\r\n\r\n<p>Bệnh nh&acirc;n V.Q.H., nữ, sinh năm 2013, tại Th&aacute;i H&ograve;a, H&ograve;a X&aacute;, Ứng H&ograve;a. Bệnh nh&acirc;n l&agrave; F1 (ch&aacute;u) của BN30525, đ&atilde; được c&aacute;ch ly - thuộc ch&ugrave;m li&ecirc;n quan đến TPHCM tại H&ograve;a X&aacute;, Ứng H&ograve;a. Bệnh nh&acirc;n c&ugrave;ng BN30525 v&agrave; 7 người trong gia đ&igrave;nh từ TPHCM về H&agrave; Nội ng&agrave;y 5/7 (chuyến bay VN216), sau đ&oacute; tự c&aacute;ch ly tại nh&agrave;. Ng&agrave;y 11/7, sau khi trường hợp BN30525 dương t&iacute;nh, bệnh nh&acirc;n V.Q.H. đ&atilde; được c&aacute;ch ly tập trung tại Khu c&aacute;ch ly Tứ Hiệp, Ho&agrave;ng Mai v&agrave; c&oacute; kết quả x&eacute;t nghiệm lần một &acirc;m t&iacute;nh. Ng&agrave;y 13/7, bệnh nh&acirc;n c&oacute; triệu chứng ho v&agrave; được lấy mẫu x&eacute;t nghiệm, kết quả dương t&iacute;nh với SARS-CoV-2.</p>\r\n\r\n<p>Bệnh nh&acirc;n N.T.P.T., nữ, sinh năm 1997, tại th&ocirc;n Bầu, x&atilde; Kim Chung, huyện Đ&ocirc;ng Anh. Bệnh nh&acirc;n l&agrave; F1 của c&aacute;c trường hợp bảo vệ cổng F5 mắc&nbsp;<a href=\"https://dantri.com.vn/suc-khoe/dai-dich-covid-19.htm\">Covid-19</a>&nbsp;tại C&ocirc;ng ty S., Khu c&ocirc;ng nghiệp Thăng Long, đ&atilde; được c&aacute;ch ly. Cụ thể, bệnh nh&acirc;n l&agrave;m việc tại ph&ograve;ng PL - TACK xưởng F1, C&ocirc;ng ty S., được c&aacute;ch ly tại c&ocirc;ng ty từ ng&agrave;y 5/7, x&eacute;t nghiệm 2 lần &acirc;m t&iacute;nh (lần một ng&agrave;y 6/7, lần 2 ng&agrave;y 10/7). Ng&agrave;y 13/7 c&oacute; biểu hiện sốt, được lấy mẫu x&eacute;t nghiệm lần 3 cho kết quả dương t&iacute;nh với SARS-CoV-2.</p>\r\n\r\n<p>T&iacute;nh từ ng&agrave;y 29/4 đến nay, to&agrave;n th&agrave;nh phố ghi nhận 333 trường hợp dương t&iacute;nh với SARS-CoV-2. Ri&ecirc;ng từ ng&agrave;y 5/7 đến nay, H&agrave; Nội ghi nhận 74 trường hợp, trong đ&oacute; ch&ugrave;m ca bệnh li&ecirc;n quan đến Bắc Giang l&agrave; 36 trường hợp; ch&ugrave;m ca bệnh li&ecirc;n quan đến TPHCM l&agrave; 29 trường hợp; ch&ugrave;m ca bệnh tại An Mỹ, Mỹ Đức l&agrave; 9 trường hợp.</p>\r\n', 'Minh Nhật', '2021-07-15', 4, 'Thông tin từ Sở Y tế Hà Nội, trên địa bàn đã ghi nhận thêm 3 ca dương tính SARS-CoV-2 thuộc chùm ca bệnh tại Hòa Xá, Ứng Hòa và KCN Thăng Long.', 'sk1.jpeg'),
(22, 'Hà Nội: Đại úy CSGT nhặt được ', '<p style=\"text-align:center\"><img alt=\"Hà Nội: Đại úy CSGT nhặt được ví tiền trả lại cho người dân - 1\" src=\"https://icdn.dantri.com.vn/thumb_w/660/2021/07/14/54-1626233054270.jpeg\" title=\"Hà Nội: Đại úy CSGT nhặt được ví tiền trả lại cho người dân - 1\" /></p>\r\n\r\n<p>Nhấn để ph&oacute;ng to ảnh</p>\r\n\r\n<p>Đại &uacute;y Trần Ngọc Long trả lại t&agrave;i sản cho chị Huyền.</p>\r\n\r\n<p>Khoảng 7h30 ng&agrave;y 14/7, trong l&uacute;c l&agrave;m nhiệm vụ trong giờ cao điểm tại khu vực Ng&atilde; Tư Sở, phường Ng&atilde; Tư Sở, quận Đống Đa (H&agrave; Nội), Đại &uacute;y Trần Ngọc Long v&agrave; Trung &uacute;y Đ&agrave;o Sỹ T&ugrave;ng (Đội CSGT số 3) đ&atilde; nhặt được một chiếc v&iacute;, b&ecirc;n trong c&oacute; 2 triệu đồng tiền mặt, một điện thoại iPhone 11... c&ugrave;ng một số giấy tờ c&aacute; nh&acirc;n mang t&ecirc;n Đặng Thị Ngọc Huyền.</p>\r\n\r\n<p>Sau đ&oacute; khoảng một tiếng đồng hồ, người bị rơi chiếc v&iacute; đ&atilde; t&igrave;m đến khu vực l&agrave;m nhiệm vụ của 2 c&aacute;n bộ CSGT để nhận lại t&agrave;i sản bị đ&aacute;nh rơi.</p>\r\n\r\n<p>Tại đ&acirc;y, chị Huyền gửi lời cảm ơn đến Đại &uacute;y Trần Ngọc Long v&agrave; Trung &uacute;y Đ&agrave;o Sỹ T&ugrave;ng đ&atilde; nhặt được t&agrave;i sản của m&igrave;nh v&agrave; trả lại. Chị Huyền cho biết, do đi vội n&ecirc;n đ&atilde; xảy ra va chạm với một phương tiện kh&aacute;c n&ecirc;n đ&atilde; đ&aacute;nh rơi v&iacute; m&agrave; kh&ocirc;ng hay biết, sau khi gọi lại v&agrave;o số điện thoại di động th&igrave; được biết đ&atilde; được 2 c&aacute;n bộ CSGT Đội 3 nhặt được, v&agrave; quay lại nhận t&agrave;i sản đ&aacute;nh rơi.</p>\r\n', 'Văn Yên', '2021-07-15', 3, 'Trong lúc làm nhiệm vụ tai khu vực Ngã Tư Sở (quận Đống Đa, Hà Nội), 2 cán bộ thuộc Đội CSGT số 3 đã nhặt được một chiếc ví của người dân bên trong có 2 triệu đồng và một chiếc điện thoại iPhone11...', 'xh2.jpeg'),
(23, 'VFF phủ nhận việc đội tuyển Vi', '<p>Hiện tại,&nbsp;<a href=\"https://dantri.com.vn/doi-tuyen-viet-nam.tag\">đội tuyển Việt Nam</a>&nbsp;chưa c&oacute; quyết định ch&iacute;nh thức về chuyện c&oacute; thi đấu tr&ecirc;n s&acirc;n nh&agrave; hay kh&ocirc;ng, ở c&aacute;c trận v&ograve;ng loại World Cup, do phải tu&acirc;n thủ c&aacute;c quy định chung về ph&ograve;ng chống dịch Covid-19.</p>\r\n\r\n<p>Trước đ&oacute;, c&oacute; th&ocirc;ng tin cho rằng đội tuyển Việt Nam c&oacute; thể chọn 5 quốc gia l&agrave;m s&acirc;n nh&agrave; cho đo&agrave;n qu&acirc;n của HLV&nbsp;<a href=\"https://dantri.com.vn/hlv-park-hang-seo.tag\">Park Hang Seo</a>&nbsp;tại v&ograve;ng loại World Cup, trong trường hợp ch&uacute;ng ta kh&ocirc;ng thể đ&aacute; ở s&acirc;n Mỹ Đ&igrave;nh (H&agrave; Nội), gồm Qatar, UAE, H&agrave;n Quốc, Th&aacute;i Lan v&agrave; Uzbekistan.</p>\r\n\r\n<p style=\"text-align:center\"><img alt=\"VFF phủ nhận việc đội tuyển Việt Nam chọn Hàn Quốc làm sân nhà - 1\" src=\"https://icdn.dantri.com.vn/thumb_w/660/2021/07/14/vn114721-1626235040812.jpeg\" title=\"VFF phủ nhận việc đội tuyển Việt Nam chọn Hàn Quốc làm sân nhà - 1\" /></p>\r\n\r\n<p>Nhấn để ph&oacute;ng to ảnh</p>\r\n\r\n<p>VFF phủ nhận th&ocirc;ng tin đội tuyển Việt Nam c&oacute; thể chọn H&agrave;n Quốc l&agrave; s&acirc;n nh&agrave; ở v&ograve;ng loại World Cup (Ảnh: Anh Tuấn).</p>\r\n\r\n<p>Trong số n&agrave;y, H&agrave;n Quốc l&agrave; địa chỉ được quan t&acirc;m nhiều nhất, bởi đấy l&agrave; qu&ecirc; hương của HLV Park Hang Seo, v&agrave; nhiều người hy vọng khi đội tuyển Việt Nam chọn H&agrave;n Quốc l&agrave;m s&acirc;n nh&agrave; tại v&ograve;ng loại World Cup, kh&aacute;n giả xứ H&agrave;n sẽ cổ vũ cho đội b&oacute;ng của HLV Park Hang Seo.</p>\r\n\r\n<p>Tuy nhi&ecirc;n, trao đổi với ph&oacute;ng vi&ecirc;n D&acirc;n tr&iacute; s&aacute;ng nay (14/7), một quan chức cao cấp của VFF cho biết&nbsp;<em>&quot;kh&ocirc;ng c&oacute; khả năng n&agrave;y&quot;.</em>&nbsp;Ngo&agrave;i ra, vị quan chức n&oacute;i tr&ecirc;n cũng chia sẻ th&ecirc;m:&nbsp;<em>&quot;Cho đến giờ vẫn chưa c&oacute; th&ocirc;ng g&igrave; về địa điểm thi đấu của đội tuyển Việt Nam&quot;.</em></p>\r\n\r\n<p>M&agrave; kh&ocirc;ng chỉ c&oacute; đội tuyển Việt Nam, nhiều đội b&oacute;ng kh&aacute;c trong bảng B cũng chưa thể x&aacute;c định được chuyện c&oacute; đ&aacute; s&acirc;n nh&agrave; ở c&aacute;c trận v&ograve;ng loại World Cup hay kh&ocirc;ng?</p>\r\n\r\n<p>Trước đ&oacute;, HLV của đội tuyển Australia Graham Arnold tiết lộ Li&ecirc;n đo&agrave;n&nbsp;<a href=\"https://dantri.com.vn/the-thao/bong-da-trong-nuoc.htm\">b&oacute;ng đ&aacute;</a>&nbsp;Australia vẫn chưa trả lời &ocirc;ng chuyện đội b&oacute;ng xứ Chuột T&uacute;i sẽ đ&aacute; s&acirc;n nh&agrave;, hay chọn s&acirc;n trung lập l&agrave;m s&acirc;n nh&agrave; ở v&ograve;ng loại World Cup? - xuất ph&aacute;t từ quy định c&aacute;ch ly y tế sau khi nhập cảnh v&agrave;o Australia hiện nay, giữa t&igrave;nh h&igrave;nh dịch Covid-19 đang diễn biến phức tạp.&nbsp;</p>\r\n\r\n<p>Chưa hết, một đội b&oacute;ng kh&aacute;c ở bảng B l&agrave; Trung Quốc cũng t&iacute;nh đến khả năng chọn l&atilde;nh thổ Macau để tiếp c&aacute;c đội kh&aacute;ch, thay v&igrave; thay đấu tại Bắc Kinh, Thượng Hải, hay Quảng Ch&acirc;u&hellip;</p>\r\n\r\n<p>Trước đ&oacute;, đội tuyển Việt Nam sau khi ho&agrave;n tất chiến dịch v&ograve;ng loại thứ hai World Cup 2022 khu vực ch&acirc;u &Aacute;, phải c&aacute;ch ly y tế 14 ng&agrave;y ở TPHCM. Đ&acirc;y cũng l&agrave; thời hạn c&aacute;ch ly tối thiểu m&agrave; c&aacute;c đội b&oacute;ng kh&aacute;c khi nhập cảnh v&agrave;o nước ta c&oacute; thể phải trải qua, nếu l&agrave;m kh&aacute;ch trước đội tuyển Việt Nam ở v&ograve;ng loại World Cup.&nbsp;</p>\r\n\r\n<p>Ch&iacute;nh v&igrave; thế, khả năng đội b&oacute;ng của&nbsp;<a href=\"https://dantri.com.vn/hlv-park-hang-seo.tag\">HLV Park Hang Seo</a>&nbsp;kh&ocirc;ng thể đ&aacute; c&aacute;c trận v&ograve;ng loại World Cup từ th&aacute;ng 9 tới đ&acirc;y, ở s&acirc;n nh&agrave; Mỹ Đ&igrave;nh, hiện l&agrave; khả năng cao.&nbsp;</p>\r\n\r\n<p>Theo th&ocirc;ng b&aacute;o của Li&ecirc;n đo&agrave;n b&oacute;ng đ&aacute; ch&acirc;u &Aacute; (AFC), chậm nhất l&agrave; v&agrave;o ng&agrave;y 16/7, c&aacute;c đội b&oacute;ng tham dự v&ograve;ng loại thứ ba World Cup 2022 khu vực ch&acirc;u &Aacute;, phải trả lời với AFC về khả năng tổ chức c&aacute;c trận đấu tr&ecirc;n s&acirc;n nh&agrave; của từng đội.</p>\r\n', 'T.V', '2021-07-15', 2, 'Trước thông tin cho rằng đội tuyển Việt Nam có thể chọn Hàn Quốc làm sân nhà tại vòng loại thứ ba World Cup 2022 khu vực châu Á, VFF đã lên tiếng phủ nhận.', 'th3.jpeg'),
(24, 'Dustin Johnson trở lại vị trí ', '<p>Dustin Johnson đ&atilde; chấm dứt ba tuần giữ vị tr&iacute; số một&nbsp;của John Rahm, kể từ khi Jon Rahm đoạt US Open h&ocirc;m 20/6.</p>\r\n\r\n<p>Trước đ&oacute;, theo đ&aacute;nh gi&aacute; của OWGR, Rahm chỉ c&oacute; thể trụ vững ở ng&ocirc;i đầu nếu v&agrave;o top 6 ở giải golf Scottish Open. Tuy nhi&ecirc;n, golfer người T&acirc;y Ban Nha chỉ đứng thứ 7 chung cuộc. C&ograve;n chiến thắng thuộc về Lee Min Woo (người Australia gốc H&agrave;n Quốc).</p>\r\n\r\n<p style=\"text-align:center\"><img alt=\"Dustin Johnson trở lại vị trí số một làng golf thế giới - 1\" src=\"https://icdn.dantri.com.vn/thumb_w/660/2021/07/13/dustinjohnson113721-1626192838813.jpeg\" title=\"Dustin Johnson trở lại vị trí số một làng golf thế giới - 1\" /></p>\r\n\r\n<p>Nhấn để ph&oacute;ng to ảnh</p>\r\n\r\n<p>Dustin Johnson trở lại vị tr&iacute; số một thế giới theo bảng xếp hạng của OWGR, c&ocirc;ng bố h&ocirc;m 12/7.</p>\r\n\r\n<p>Sự trở lại của Dustin Johnson c&oacute; đ&oacute;ng g&oacute;p kh&ocirc;ng nhỏ từ phong độ cao của ch&iacute;nh anh năm ngo&agrave;i, bởi từ th&aacute;ng Hai năm nay, Dustin Johnson chỉ một lần c&aacute;n đ&iacute;ch trong top 10, ở c&aacute;c giải đấu lớn m&agrave; anh tham dự.</p>\r\n\r\n<p>Nửa cuối 2020, Dustin Johnson ba lần l&ecirc;n bục đăng quang ở PGA Tour, t&iacute;nh cả major The Masters v&agrave; về nh&igrave; ở ba sự kiện kh&aacute;c. Sau đ&oacute;, Johnson c&ograve;n v&ocirc; địch th&ecirc;m giải Saudi International tại đấu trường ch&acirc;u &Acirc;u để củng cố vững chắc vị tr&iacute;.</p>\r\n\r\n<p>Với Jon Rahm, đ&acirc;y l&agrave; lần thứ ba golfer n&agrave;y chỉ giữ ng&ocirc;i vị số một thế giới trong thời gian ngắn. Ở lần đầu, Jon Rahm giữ được vị tr&iacute; n&agrave;y hai tuần nhờ đoạt Memorial Tournament (ng&agrave;y 19/7/2020), rồi bị Justin Thomas đẩy xuống thứ hai.</p>\r\n\r\n<p>Đến ng&agrave;y 10/8 năm ngo&aacute;i, sau PGA Championship, Jon Rahm l&ecirc;n đỉnh bảng xếp hạng của OWGR một lần nữa. Nhưng cũng chỉ hai tuần sau, Jon Rahm lại phải nhường vị tr&iacute; cho Dustin Johnson, sau khi Dustin Johnson v&ocirc; địch giải The Northern Trust.&nbsp;</p>\r\n\r\n<p>Từ sau lần đ&oacute;, Johnson l&agrave; golfer số một thế giới trong 43 tuần li&ecirc;n tiếp. C&ograve;n lần thứ ba, tức l&agrave; trong ba tuần vừa qua, Jon Rahm giữ ng&ocirc;i đầu thế giới của m&igrave;nh nhiều hơn một tuần so với hai lần trước đ&oacute;.&nbsp;</p>\r\n\r\n<p>Trong tuần n&agrave;y, cả Jon Rahm lẫn Dustin Johnson đều dự giải major l&acirc;u đời nhất thế giới l&agrave; The Open Championship, từ 15 - 18/7 tại Anh. Đ&oacute; l&agrave; cơ hội để cả hai tiếp tục cạnh tranh ng&ocirc;i đầu bảng OWGR.&nbsp;</p>\r\n\r\n<p>Trong 22 năm qua, chỉ một tay golf thắng The Open Championship với tư c&aacute;ch số một thế giới l&agrave; Tiger Woods. VĐV huyền thoại người Mỹ đ&atilde; ba lần lập kỳ t&iacute;ch n&agrave;y hồi c&aacute;c năm 2000, 2005 v&agrave; 2006.</p>\r\n', 'Thiện Nhân', '2021-07-15', 2, 'Theo kết quả vừa được bảng xếp hạng golf thế giới (OWGR) công bố vào ngày 12/7, golfer người Mỹ Dustin Johnson đã trở lại vị trí dẫn đầu, soán ngôi số một của Jon Rahm.', 'th3.jpeg'),
(26, 'Messi lỡ cơ hội san bằng kỷ lụ', '<p>Đấy l&agrave; kỷ lục ghi nhiều b&agrave;n thắng nhất cho một đội tuyển quốc gia tại khu vực Nam Mỹ. Trong sự nghiệp cầu thủ nh&agrave; nghề của m&igrave;nh trước đ&acirc;y, Pele đ&atilde; ghi được 77 b&agrave;n thắng cho đội tuyển Brazil.</p>\r\n\r\n<p>Trong khi đ&oacute;, t&iacute;nh đến sau trận b&aacute;n kết Copa America gặp Colombia s&aacute;ng 7/7, Messi đ&atilde; c&oacute; 76 b&agrave;n thắng cho đội tuyển Argentina.</p>\r\n\r\n<p style=\"text-align:center\"><img alt=\"Messi lỡ cơ hội san bằng kỷ lục của vua bóng đá Pele - 1\" src=\"https://icdn.dantri.com.vn/thumb_w/660/2021/07/07/messi17721-1625632024168.jpeg\" title=\"Messi lỡ cơ hội san bằng kỷ lục của vua bóng đá Pele - 1\" /></p>\r\n\r\n<p>Nhấn để ph&oacute;ng to ảnh</p>\r\n\r\n<p>Messi bỏ lỡ cơ hội s&aacute;nh ngang kỷ lục ghi b&agrave;n của vua b&oacute;ng đ&aacute; Pele.</p>\r\n\r\n<p>Mặc d&ugrave; vậy, tỷ lệ ghi b&agrave;n t&iacute;nh tr&ecirc;n tổng số lần kho&aacute;c &aacute;o đội tuyển quốc gia của Pele cao hơn hẳn Messi. &quot;Vua b&oacute;ng đ&aacute;&quot; chỉ cần 92 trận đấu đ&atilde; ghi 77 b&agrave;n thắng kể tr&ecirc;n (tỷ lệ b&agrave;n thắng/trận đấu hơn 85%). Trong khi đ&oacute;, con số n&agrave;y đối với si&ecirc;u sao người Argentina l&agrave; 150 trận đấu mới c&oacute; được 76 b&agrave;n thắng (tỷ lệ chỉ hơn 50%).&nbsp;</p>\r\n\r\n<p>Thật ra, Messi cũng kh&ocirc;ng gặp may trong trận đấu với Colombia, anh c&oacute; một c&uacute;&nbsp;s&uacute;t tr&uacute;ng cột dọc khung th&agrave;nh của thủ m&ocirc;n Ospina b&ecirc;n ph&iacute;a Colombia trong hiệp hai. Ngo&agrave;i ra, nh&igrave;n tổng thể to&agrave;n trận, si&ecirc;u sao người Argentina vẫn chơi rất hay.</p>\r\n\r\n<p>Messi ch&iacute;nh l&agrave; người thực hiện đường chuyền quyết định để Lautaro Martinez ghi b&agrave;n gi&uacute;p Argentina mở tỷ số trong trận đấu n&oacute;i tr&ecirc;n, đồng thời đ&aacute; th&agrave;nh c&ocirc;ng quả lu&acirc;n lưu đầu ti&ecirc;n, g&oacute;p c&ocirc;ng đưa Argentina v&agrave;o chung kết.</p>\r\n\r\n<p>Nh&agrave; b&aacute;o Carlos Salgado người T&acirc;y Ban Nha nhận x&eacute;t về Messi ở thời điểm hiện tại, khi về kho&aacute;c &aacute;o đội tuyển Argentina:&nbsp;<em>&quot;T&ocirc;i chưa bao giờ được chứng kiến anh ấy như thế n&agrave;y trong sắc &aacute;o tuyển Argentina. Messi c&oacute; kh&iacute; chất của Maradona ng&agrave;y n&agrave;o: Trưởng th&agrave;nh, thủ lĩnh v&agrave; xứng đ&aacute;ng với băng đội trưởng&quot;.</em></p>\r\n\r\n<p>Cầu thủ 6 lần đoạt Quả b&oacute;ng v&agrave;ng ch&acirc;u &Acirc;u vẫn c&ograve;n nhiều cơ hội để bắt kịp, rồi sau đ&oacute; l&agrave; ph&aacute; kỷ lục của Pele. Argentina của Messi vẫn c&ograve;n trận chung kết Copa America gặp Brazil s&aacute;ng 11/7 tới đ&acirc;y, cũng như vẫn c&ograve;n c&aacute;c trận đấu ở v&ograve;ng loại World Cup 2022 khu vực Nam Mỹ, để Messi c&oacute; thể ghi th&ecirc;m b&agrave;n thắng cho đội tuyển.</p>\r\n', 'Thiện Nhân', '2021-07-15', 2, 'Tịt ngòi', 'th6.jpeg'),
(27, 'Bắc Giang: Ổ dịch huyện Tân Yê', '<p style=\"text-align:center\"><img alt=\"Bắc Giang: Ổ dịch huyện Tân Yên ghi nhận thêm 4 ca F0 - 1\" src=\"https://icdn.dantri.com.vn/thumb_w/660/2021/07/07/nguoi-dan-xa-lien-chung-crop-1625627799033.jpeg\" title=\"Bắc Giang: Ổ dịch huyện Tân Yên ghi nhận thêm 4 ca F0 - 1\" /></p>\r\n\r\n<p>Nhấn để ph&oacute;ng to ảnh</p>\r\n\r\n<p>Người d&acirc;n x&atilde; Li&ecirc;n Chung, huyện T&acirc;n Y&ecirc;n ngồi đợi lấy mẫu tối 6/7.</p>\r\n\r\n<p>Đến nay to&agrave;n tỉnh Bắc Giang ghi nhận 5.725 trường hợp F0. C&aacute;c ca dương t&iacute;nh n&agrave;y chủ yếu li&ecirc;n quan đến ca F0 ở x&atilde; Việt Lập (huyện T&acirc;n Y&ecirc;n) trước đ&oacute; đi giao lưu b&oacute;ng đ&aacute;, uống bia với 15 người v&agrave; trường hợp F1 ở trong khu c&aacute;ch ly tập trung trở th&agrave;nh F0. Cơ quan chức năng đ&atilde; r&agrave; so&aacute;t được F1 l&agrave; 29.832 trường hợp F1; 108.441 trường hợp F2.</p>\r\n\r\n<p>Ban chỉ đạo ph&ograve;ng, chống dịch tỉnh Bắc Giang dự b&aacute;o trong v&agrave;i ng&agrave;y tới, vẫn c&oacute; khả năng ph&aacute;t sinh th&ecirc;m số &iacute;t trường hợp F0, chủ yếu li&ecirc;n quan đến ổ dịch mới tại x&atilde; Việt Lập (huyện T&acirc;n Y&ecirc;n) nằm trong c&aacute;c khu c&aacute;ch ly tập trung, v&ugrave;ng phong tỏa.</p>\r\n\r\n<p>Trong ng&agrave;y 7/7, Chủ tịch UBND tỉnh đ&atilde; ph&ecirc; b&igrave;nh Chủ tịch UBND huyện Lục Nam v&agrave; Ban Chỉ đạo ph&ograve;ng, chống dịch&nbsp;<a href=\"https://dantri.com.vn/suc-khoe/dai-dich-covid-19.htm\">Covid-19</a>&nbsp;huyện Lục Nam v&igrave; đ&atilde; kh&ocirc;ng l&agrave;m tốt c&ocirc;ng t&aacute;c quản l&yacute; c&aacute;ch ly, kiểm tra, gi&aacute;m s&aacute;t, tuy&ecirc;n truyền đối với người tự c&aacute;ch ly, tiếp tục theo d&otilde;i sức khỏe tại gia đ&igrave;nh; ph&ecirc; b&igrave;nh Chủ tịch UBND huyện v&agrave; Ban Chỉ đạo ph&ograve;ng, chống dịch Covid-19 huyện T&acirc;n Y&ecirc;n v&igrave; đ&atilde; kh&ocirc;ng thực hiện nghi&ecirc;m t&uacute;c, kịp thời chỉ đạo của Chủ tịch UBND tỉnh về c&ocirc;ng t&aacute;c ph&ograve;ng, chống dịch Covid-19 v&agrave; tổ chức kỳ thi tốt nghiệp THPT.</p>\r\n', 'Bá Đoàn', '2021-07-15', 4, ' Tỉnh Bắc Giang cho biết, đến tối 7/7, ổ dịch mới ở huyện Tân Yên liên quan đến ca F0 đi giao lưu bóng đá ghi nhận thêm 4 ca dương tính và một ca F0 ở huyện Lục Ngạn.', 'sk2.jpeg'),
(28, 'Đồng Tháp giãn cách xã hội 5 h', '<p>Chiều 10/7, &ocirc;ng Phạm Thiện Nghĩa - Chủ tịch UBND tỉnh Đồng Th&aacute;p quyết định thực hiện gi&atilde;n c&aacute;ch x&atilde; hội 15 ng&agrave;y đối với TP Sa Đ&eacute;c, huyện Ch&acirc;u Th&agrave;nh, huyện Lai Vung, huyện Lấp V&ograve; v&agrave; huyện Cao L&atilde;nh. Thời gian thực hiện gi&atilde;n c&aacute;ch l&agrave; 15 ng&agrave;y kể từ 0h ng&agrave;y 11/7.</p>\r\n\r\n<p style=\"text-align:center\"><img alt=\"Đồng Tháp giãn cách xã hội 5 huyện, thị từ 0h ngày 11/7 - 1\" src=\"https://icdn.dantri.com.vn/thumb_w/660/2021/07/10/img20200515084906-crop-crop-1625925003042.jpeg\" title=\"Đồng Tháp giãn cách xã hội 5 huyện, thị từ 0h ngày 11/7 - 1\" /></p>\r\n\r\n<p>Nhấn để ph&oacute;ng to ảnh</p>\r\n\r\n<p>Từ 0h ng&agrave;y 11/7, Đồng Th&aacute;p thực hiện gi&atilde;n c&aacute;ch x&atilde; hội 15 ng&agrave;y theo Chỉ thị 16 của Thủ tướng Ch&iacute;nh phủ.</p>\r\n\r\n<p>Trước đ&oacute;, TP Cao L&atilde;nh, TP Hồng Ngự v&agrave; c&aacute;c huyện Th&aacute;p Mười, huyện Thanh B&igrave;nh, huyện Tam N&ocirc;ng, huyện T&acirc;n Hồng, huyện Hồng Ngự của tỉnh Đồng Th&aacute;p đ&atilde; triển khai thực nghi&ecirc;m Chỉ thị số 15 của Thủ tướng Ch&iacute;nh phủ v&agrave; c&ocirc;ng văn&nbsp; của UBND tỉnh về ph&ograve;ng, chống dịch ở mức &quot;nguy cơ cao&quot; tr&ecirc;n địa b&agrave;n tỉnh.</p>\r\n\r\n<p>Trong thời gian thực hiện gi&atilde;n c&aacute;ch x&atilde; hội (đối với c&aacute;c địa phương đang thực hiện gi&atilde;n c&aacute;ch x&atilde; hội theo Chỉ thị 15), l&atilde;nh đạo UBND tỉnh Đồng Th&aacute;p y&ecirc;u cầu người d&acirc;n hạn chế tối đa ra ngo&agrave;i.</p>\r\n\r\n<p>Chủ tịch UBND tỉnh Đồng Th&aacute;p chỉ đạo c&aacute;c ng&agrave;nh, địa phương bảo đảm vận h&agrave;nh th&ocirc;ng suốt việc vận chuyển h&agrave;ng h&oacute;a, nguy&ecirc;n liệu sản xuất; bảo đảm tổ chức tốt việc cung cấp lương thực, thực phẩm v&agrave; nhu yếu phẩm tr&ecirc;n địa b&agrave;n tỉnh.</p>\r\n\r\n<p>Đội Kiểm so&aacute;t ph&ograve;ng, chống dịch&nbsp;<a href=\"https://dantri.com.vn/suc-khoe/dai-dich-covid-19.htm\">Covid-19</a>&nbsp;tăng cường tuần tra, xử l&yacute; nghi&ecirc;m trường hợp vi phạm c&aacute;c biện ph&aacute;p về ph&ograve;ng, chống dịch bệnh theo quy định.</p>\r\n\r\n<p>Ban chỉ đạo ph&ograve;ng, chống&nbsp;<a href=\"https://dantri.com.vn/suc-khoe/dai-dich-covid-19.htm\">dịch Covid-19</a>&nbsp;tỉnh Đồng Th&aacute;p cho biết, t&iacute;nh từ ng&agrave;y 24/6 đến nay, tỉnh Đồng Th&aacute;p ghi nhận 530 ca mắc Covid-19. Ri&ecirc;ng ng&agrave;y h&ocirc;m nay (10/7), to&agrave;n tỉnh ghi nhận 59 ca mắc mới.&nbsp;</p>\r\n', 'Nguyễn Hành', '2021-07-15', 3, 'Trước diễn biến phức tạp của dịch bệnh Covid-19, Chủ tịch UBND tỉnh Đồng Tháp quyết định thực hiện giãn cách xã hội 15 ngày theo Chỉ thị 16 của Thủ tướng Chính phủ. Thời gian bắt đầu từ 0h ngày 11/7.', 'xh3.jpeg'),
(29, 'Bạc Liêu: Giãn cách xã hội toà', '<p>Theo đ&oacute;, Chủ tịch UBND tỉnh Bạc Li&ecirc;u Phạm Văn Thiều vừa k&yacute; quyết định &aacute;p dụng thực hiện gi&atilde;n c&aacute;ch x&atilde; hội theo Chỉ thị 15, quyết liệt thực hiện đợt cao điểm ph&ograve;ng, chống dịch&nbsp;<a href=\"https://dantri.com.vn/suc-khoe/dai-dich-covid-19.htm\">Covid-19</a>&nbsp;tr&ecirc;n địa b&agrave;n huyện Phước Long.</p>\r\n\r\n<p>Mục đ&iacute;ch của việc n&agrave;y nhằm ngăn chặn sự l&acirc;y lan của dịch Covid-19. Thời gian &aacute;p dụng trong v&ograve;ng 21 ng&agrave;y, kể từ 12h ng&agrave;y 11/7.</p>\r\n\r\n<p style=\"text-align:center\"><img alt=\"Bạc Liêu: Giãn cách xã hội toàn huyện Phước Long 21 ngày - 1\" src=\"https://icdn.dantri.com.vn/thumb_w/660/2021/07/08/pl-1625711880975.jpg\" title=\"Bạc Liêu: Giãn cách xã hội toàn huyện Phước Long 21 ngày - 1\" /></p>\r\n\r\n<p>Nhấn để ph&oacute;ng to ảnh</p>\r\n\r\n<p>Một tuyến đường cửa ng&otilde; v&agrave;o huyện Phước Long, tỉnh Bạc Li&ecirc;u.</p>\r\n\r\n<p>Chủ tịch tỉnh Bạc Li&ecirc;u giao UBND huyện Phước Long khẩn trương phối hợp với Sở Y tế v&agrave; c&aacute;c ng&agrave;nh c&oacute; li&ecirc;n quan triển khai thực hiện c&aacute;c biện ph&aacute;p c&oacute; hiệu quả trong c&ocirc;ng t&aacute;c ph&ograve;ng, chống dịch.</p>\r\n\r\n<p>Hiện nay, to&agrave;n tỉnh Bạc Li&ecirc;u đang c&oacute; 9 trường hợp dương t&iacute;nh với SARS-CoV-2, trong đ&oacute; huyện Phước Long c&oacute; 4 trường hợp.</p>\r\n', 'Huỳnh Hải', '2021-07-15', 3, 'Chủ tịch tỉnh Bạc Liêu vừa quyết định thực hiện giãn cách xã hội theo Chỉ thị 15 trên địa bàn huyện Phước Long, sau khi địa phương này có nhiều ca mắc Covid-19. Thời gian thực hiện từ 12h ngày 11/7.', 'xh4.jpeg'),
(30, 'Cà Mau: Khẩn cấp tìm người đến', '<p>Theo Trung t&acirc;m kiểm so&aacute;t bệnh tật tỉnh C&agrave; Mau, ng&agrave;y 6/7, địa phương n&agrave;y ghi nhận ca mắc Covid-19, t&ecirc;n T. (nam, sinh năm 1991, ngụ x&atilde; T&acirc;n Ph&uacute;, huyện Thới B&igrave;nh) đ&atilde; được Bộ Y tế c&ocirc;ng bố l&agrave; BN22348.</p>\r\n\r\n<p>Do đ&oacute;, đề nghị những người đến Trung t&acirc;m giải quyết thủ tục h&agrave;nh ch&iacute;nh tỉnh C&agrave; Mau v&agrave; qu&aacute;n b&aacute;n nước m&iacute;a trước cửa trung t&acirc;m n&agrave;y từ 9h20 đến 11h20 ng&agrave;y 2/7.</p>\r\n\r\n<p>Những người đến đổ xăng tại c&acirc;y xăng b&ecirc;n tr&aacute;i nằm giữa cầu số 3 v&agrave; cầu số 4 (x&atilde; T&acirc;n Lộc, huyện Thới B&igrave;nh) từ 11h - 12h ng&agrave;y 2/7. Những người đến tiệm tạp h&oacute;a Vũ Hoa (ấp 3, x&atilde; T&acirc;n Lộc Bắc, huyện Thới B&igrave;nh) từ 11h30 - 13h30 ng&agrave;y 2/7.</p>\r\n\r\n<p>H&atilde;y gọi v&agrave;o đường d&acirc;y n&oacute;ng, số điện thoại (02903.836506, 0349.535657) để được hỗ trợ ph&ograve;ng, chống dịch kịp thời. Nếu người d&acirc;n kh&ocirc;ng th&ocirc;ng b&aacute;o c&oacute; thể bị xử l&yacute; theo ph&aacute;p luật.</p>\r\n\r\n<p>Li&ecirc;n quan đến BN22348, ng&agrave;nh chức năng cũng thực hiện việc phong tỏa khu vực hộ gia đ&igrave;nh bệnh nh&acirc;n sinh sống; đồng thời tuy&ecirc;n truyền, giải th&iacute;ch cho người d&acirc;n xung quanh khu vực nắm th&ocirc;ng tin, hạn chế việc tiếp x&uacute;c, mua b&aacute;n, trao đổi, giao tiếp.</p>\r\n\r\n<p style=\"text-align:center\"><img alt=\"Cà Mau: Khẩn cấp tìm người đến những địa điểm liên quan ca mắc Covid-19 - 1\" src=\"https://icdn.dantri.com.vn/thumb_w/660/2021/07/07/img20210531170036-1625653529419.jpg\" title=\"Cà Mau: Khẩn cấp tìm người đến những địa điểm liên quan ca mắc Covid-19 - 1\" /></p>\r\n\r\n<p>Nhấn để ph&oacute;ng to ảnh</p>\r\n\r\n<p>Một chốt kiểm so&aacute;t Covid-19 hướng từ Bạc Li&ecirc;u về C&agrave; Mau.</p>\r\n\r\n<p>Theo UBND tỉnh C&agrave; Mau, với ca mắc&nbsp;<a href=\"https://dantri.com.vn/suc-khoe/dai-dich-covid-19.htm\">Covid-19</a>&nbsp;tại x&atilde; T&acirc;n Ph&uacute; (huyện Thới B&igrave;nh), c&ocirc;ng t&aacute;c phối hợp truy vết, th&ocirc;ng tin, b&aacute;o c&aacute;o giữa c&aacute;c đơn vị l&agrave; chưa kịp thời.</p>\r\n\r\n<p>Do đ&oacute;, Chủ tịch UBND tỉnh C&agrave; Mau chỉ đạo Sở Y tế khẩn trương phối hợp tiếp tục truy vết c&aacute;c đối tượng c&oacute; tiếp x&uacute;c li&ecirc;n quan đến BN22348, kh&ocirc;ng bỏ s&oacute;t đối tượng c&oacute; li&ecirc;n quan.</p>\r\n\r\n<p>Trung t&acirc;m Kiểm so&aacute;t bệnh tật tỉnh C&agrave; Mau tổ chức test nhanh đối với c&aacute;c l&aacute;i xe, phụ xe của c&aacute;c phương tiện vận tải vận chuyển h&agrave;nh kh&aacute;ch, h&agrave;ng h&oacute;a (nếu kh&ocirc;ng c&oacute; giấy tờ chứng minh hợp lệ, đ&uacute;ng quy định trong khai b&aacute;o lịch tr&igrave;nh vận chuyển) qua c&aacute;c chốt kiểm so&aacute;t trước khi v&agrave;o tỉnh (t&agrave;i xế hoặc chủ phương tiện tự chỉ trả ph&iacute;).</p>\r\n\r\n<p>C&agrave; Mau cũng y&ecirc;u cầu tất cả c&aacute;c c&ocirc;ng d&acirc;n khi đến, về tỉnh n&agrave;y cung cấp kết quả x&eacute;t nghiệm &acirc;m t&iacute;nh với&nbsp;<a href=\"https://dantri.com.vn/suc-khoe/dai-dich-covid-19.htm\">SARS-CoV-2</a>&nbsp;trong v&ograve;ng 3 ng&agrave;y, kể từ ng&agrave;y c&oacute; kết quả x&eacute;t nghiệm. Thời gian thực hiện kể từ 0h ng&agrave;y 9/7, cho đến khi c&oacute; th&ocirc;ng b&aacute;o kh&aacute;c.</p>\r\n', 'Huỳnh Hải', '2021-07-15', 3, 'Chiều 7/7, Trung tâm kiểm soát bệnh tật Cà Mau thông báo khẩn tìm người liên quan ca mắc Covid-19. Cà Mau cũng yêu cầu tất cả công dân đến, về tỉnh cung cấp kết quả xét nghiệm âm tính với SARS-CoV-2.', 'xh5.jpeg'),
(31, 'Ghi nhận 275 ca nhiễm SARS-CoV', '<p>Tại buổi họp b&aacute;o cung cấp th&ocirc;ng tin về t&igrave;nh h&igrave;nh dịch&nbsp;<a href=\"https://dantri.com.vn/suc-khoe/dai-dich-covid-19.htm\">Covid-19</a>&nbsp;tại TPHCM chiều 12/7, &ocirc;ng Nguyễn Ho&agrave;i Nam, Ph&oacute; Gi&aacute;m đốc Sở Y tế TPHCM, cho biết, lực lượng y tế đ&atilde; x&eacute;t nghiệm tầm so&aacute;t to&agrave;n bộ 40.000 c&ocirc;ng nh&acirc;n l&agrave;m việc tại 132 c&ocirc;ng ty b&ecirc;n trong Khu chế xuất T&acirc;n Thuận (Quận 7). Qua đ&oacute;, ghi nhận 276 trường hợp dương t&iacute;nh với SARS-CoV-2.&nbsp;</p>\r\n\r\n<p>Theo &ocirc;ng Nguyễn Hồng T&acirc;m, Ph&oacute; Gi&aacute;m đốc Trung t&acirc;m Kiểm so&aacute;t bệnh tật TPHCM (HCDC), trước nguy cơ chuyển biến xấu tại khu vực n&agrave;y, ng&agrave;nh y đ&atilde; tham mưu UBND Quận 7 tạm ngừng hoạt động của Khu chế xuất T&acirc;n Thuận. Trong thời gian tạm ngừng, c&aacute;c lực lượng sẽ thực hiện xử l&yacute; nhanh, hạn chế sự l&acirc;y lan của c&aacute;c ch&ugrave;m l&acirc;y nhiễm.</p>\r\n\r\n<p>&quot;Với đặc điểm c&oacute; hơn 40.000 c&ocirc;ng nh&acirc;n, t&igrave;nh h&igrave;nh tại Khu chế xuất T&acirc;n Thuận được đ&aacute;nh gi&aacute; l&agrave; c&oacute; thể xấu hơn&quot;, &ocirc;ng Nguyễn Hồng T&acirc;m chia sẻ.</p>\r\n\r\n<p style=\"text-align:center\"><img alt=\"Ghi nhận 275 ca nhiễm SARS-CoV-2, KCX Tân Thuận tạm ngừng hoạt động - 1\" src=\"https://icdn.dantri.com.vn/thumb_w/660/2021/07/12/doankiemtraubndthanhphovecovid190404202021586102382136-1626096577980.jpg\" title=\"Ghi nhận 275 ca nhiễm SARS-CoV-2, KCX Tân Thuận tạm ngừng hoạt động - 1\" /></p>\r\n\r\n<p>Nhấn để ph&oacute;ng to ảnh</p>\r\n\r\n<p>Chủ tịch UBND TPHCM Nguyễn Th&agrave;nh Phong trong lần kiểm tra c&ocirc;ng t&aacute;c ph&ograve;ng, chống Covid-19 tại Khu chế xuất T&acirc;n Thuận.</p>\r\n\r\n<p>Trước đ&oacute; (ng&agrave;y 11/7), UBND Quận 7 đ&atilde; gửi văn bản y&ecirc;u cầu Ban Quản l&yacute; c&aacute;c khu chế xuất, khu c&ocirc;ng nghiệp TPHCM v&agrave; C&ocirc;ng ty T&acirc;n Thuận th&ocirc;ng b&aacute;o cho 29 doanh nghiệp tại Khu chế xuất T&acirc;n Thuận c&oacute; ca dương t&iacute;nh&nbsp;<a href=\"https://dantri.com.vn/suc-khoe/dai-dich-covid-19.htm\">SARS-CoV-2</a>&nbsp;thực hiện phong tỏa, c&aacute;ch ly. C&aacute;c b&ecirc;n li&ecirc;n quan cần xem x&eacute;t tạm ngừng hoạt động đối với 29 doanh nghiệp n&agrave;y để thực hiện c&aacute;c biện ph&aacute;p ph&ograve;ng, chống dịch Covid-19.</p>\r\n\r\n<p>Theo hướng dẫn thực hiện Chỉ thị 16 do UBND TPHCM ban h&agrave;nh, Ban Quản l&yacute; c&aacute;c khu chế xuất, khu c&ocirc;ng nghiệp, Ban Quản l&yacute; khu C&ocirc;ng nghệ cao v&agrave; C&ocirc;ng ty C&ocirc;ng vi&ecirc;n phần mềm Quang Trung cần n&ecirc;u cao tinh thần vừa chống dịch, vừa sản xuất, chống dịch để sản xuất, sản xuất để chống dịch.</p>\r\n\r\n<p>UBND TPHCM y&ecirc;u cầu c&aacute;c đơn vị khẩn trương thẩm định cho c&aacute;c doanh nghiệp đ&atilde; đăng k&yacute; vừa c&aacute;ch ly, vừa sản xuất. Tổ Covid-19 tại c&aacute;c doanh nghiệp cần ph&aacute;t huy vai tr&ograve; trong hướng dẫn c&ocirc;ng nh&acirc;n, người lao động c&aacute;c biện ph&aacute;p ph&ograve;ng, chống dịch.</p>\r\n\r\n<p>Ngo&agrave;i ra, việc x&eacute;t nghiệm nhanh cho c&ocirc;ng nh&acirc;n cần được triển khai, khuyến kh&iacute;ch c&aacute;c doanh nghiệp tự chi trả mua test nhanh v&agrave; l&agrave;m x&eacute;t nghiệm h&agrave;ng tuần. C&aacute;c nh&agrave; xưởng, nh&agrave; kho chưa sử dụng cần được r&agrave; so&aacute;t để l&agrave;m nơi c&aacute;ch ly tạm thời cho c&aacute;c trường hợp F0, F1.</p>\r\n', 'Quang Huy', '2021-07-15', 3, 'Đại diện Trung tâm Kiểm soát bệnh tật TPHCM nhận định tình hình dịch Covid-19 tại Khu chế xuất (KCX) Tân Thuận có thể xấu hơn. Nơi này đã tạm dừng hoạt động sau khi ghi nhận 275 ca nhiễm SARS-CoV-2.', 'xh6.jpeg'),
(32, 'Bé trai sơ sinh nặng 3,7 kg bị', '<p style=\"text-align:center\"><img alt=\"Bé trai sơ sinh nặng 3,7 kg bị bỏ rơi ở Hà Nội - 1\" src=\"https://icdn.dantri.com.vn/thumb_w/660/2021/07/14/456-1626229619249.jpeg\" title=\"Bé trai sơ sinh nặng 3,7 kg bị bỏ rơi ở Hà Nội - 1\" /></p>\r\n\r\n<p>Nhấn để ph&oacute;ng to ảnh</p>\r\n\r\n<p>Lực lượng chức năng x&atilde; Quảng Ph&uacute; Cầu ph&aacute;t hiện ch&aacute;u b&eacute; nặng 3,7 kg bị bỏ rơi gần c&aacute;nh đồng.</p>\r\n\r\n<p>S&aacute;ng 14/7, trao đổi với PV&nbsp;<em>D&acirc;n tr&iacute;</em>, một c&aacute;n bộ C&ocirc;ng an x&atilde; Quảng Ph&uacute; Cầu, huyện Ứng H&ograve;a (H&agrave; Nội) th&ocirc;ng tin, tr&ecirc;n địa b&agrave;n vừa ph&aacute;t hiện một b&eacute; trai nặng 3,7 kg bị bỏ rơi.</p>\r\n\r\n<p>Theo đ&oacute;, khoảng 20h30 ng&agrave;y 13/7, lực lượng C&ocirc;ng an x&atilde; Quảng Ph&uacute; Cầu đang đi tuần tra kiểm so&aacute;t đảm bảo an ninh trật tự tr&ecirc;n địa b&agrave;n, th&igrave; ph&aacute;t hiện một b&eacute; trai bị bỏ rơi cạnh đường b&ecirc; t&ocirc;ng, s&aacute;t c&aacute;nh đồng th&ocirc;n Quảng Nguy&ecirc;n, x&atilde; Quảng Ph&uacute; Cầu.</p>\r\n\r\n<p>Qua kiểm tra ch&aacute;u b&eacute; được mặc quần &aacute;o đầy đủ, cạnh b&eacute; trai c&oacute; mảnh giấy ghi ngắn gọn:&nbsp;<em>&quot;T&ocirc;i l&agrave; mẹ đơn th&acirc;n, kh&ocirc;ng c&oacute; điều kiện nu&ocirc;i con nhờ gia đ&igrave;nh n&agrave;o c&oacute; duy&ecirc;n gặp ch&aacute;u gi&uacute;p mẹ ch&aacute;u nu&ocirc;i con ngoan ngo&atilde;n n&ecirc;n người. Xin ch&acirc;n th&agrave;nh cảm ơn. Con sinh ng&agrave;y 9/7/2021 ch&aacute;u nặng 3,7 kg&quot;.</em></p>\r\n\r\n<p>&quot;Sau khi ph&aacute;t hiện ch&aacute;u b&eacute;, ch&uacute;ng t&ocirc;i đ&atilde; phối hợp c&ugrave;ng c&aacute;n bộ UBND x&atilde; đưa ch&aacute;u l&ecirc;n Bệnh viện huyện Ứng H&ograve;a để kiểm tra sức khỏe, đến khoảng 1h s&aacute;ng 14/7, ch&aacute;u được đưa về trạm y tế x&atilde;, t&igrave;nh trạng sức khỏe ho&agrave;n to&agrave;n b&igrave;nh thường&quot;, vị c&aacute;n bộ C&ocirc;ng an x&atilde; Quảng Ph&uacute; Cầu th&ocirc;ng tin.</p>\r\n\r\n<p>Vị n&agrave;y cho biết th&ecirc;m, sau khi biết th&ocirc;ng tin c&oacute; nhiều gia đ&igrave;nh trong địa b&agrave;n x&atilde; ngỏ &yacute; muốn xin nhận ch&aacute;u b&eacute; l&agrave;m con nu&ocirc;i. Tuy nhi&ecirc;n, trước mắt ch&iacute;nh quyền địa phương sẽ th&ocirc;ng b&aacute;o rộng r&atilde;i tr&ecirc;n phương tiện th&ocirc;ng tin, nếu ai l&agrave; người th&acirc;n đến xin nhận lại ch&aacute;u b&eacute;. Trường hợp sau 7 ng&agrave;y kh&ocirc;ng ai nhận nu&ocirc;i, UBND x&atilde; Quảng Ph&uacute; Cầu sẽ l&agrave;m c&aacute;c thủ tục cần thiết cho ch&aacute;u b&eacute;.</p>\r\n', 'Văn Yên', '2021-07-15', 3, 'Một bé trai sơ sinh nặng 3,7 kg bị bỏ rơi cạnh đường bê tông, sát cánh đồng thôn Quảng Nguyên, xã Quảng Phú Cầu, huyện Ứng Hòa (Hà Nội). Lực lượng chức năng đang thông báo tìm người thân của cháu bé.', 'xh7.jpeg'),
(33, 'Yên Bái: Phong tỏa cụm dân cư ', '<p style=\"text-align:center\"><img alt=\"Yên Bái: Phong tỏa cụm dân cư 3 thôn do có ca nghi mắc Covid-19 - 1\" src=\"https://icdn.dantri.com.vn/thumb_w/660/2021/07/07/254-1625668078039.jpeg\" title=\"Yên Bái: Phong tỏa cụm dân cư 3 thôn do có ca nghi mắc Covid-19 - 1\" /></p>\r\n\r\n<p>Nhấn để ph&oacute;ng to ảnh</p>\r\n\r\n<p>Lực lượng chức năng tiến h&agrave;nh lập c&aacute;c chốt phong tỏa, lối v&agrave;o khu d&acirc;n cư (Ảnh: Trang Nguyen).</p>\r\n\r\n<p>Th&ocirc;ng tin tr&ecirc;n được l&atilde;nh đạo tỉnh Y&ecirc;n B&aacute;i x&aacute;c nhận với ph&oacute;ng vi&ecirc;n&nbsp;<em>D&acirc;n tr&iacute;</em>&nbsp;v&agrave;o tối 7/7.&nbsp;</p>\r\n\r\n<p>Cụ thể, UBND huyện Trấn Y&ecirc;n quyết định phong tỏa cụm d&acirc;n cư thuộc th&ocirc;n 5, th&ocirc;n 6, th&ocirc;n 7 của x&atilde; Đ&agrave;o Thịnh, để ngăn chặn việc l&acirc;y lan của dịch&nbsp;<a href=\"https://dantri.com.vn/suc-khoe/dai-dich-covid-19.htm\">Covid-19</a>&nbsp;g&acirc;y ra. Thời gian phong tỏa l&agrave; 15 ng&agrave;y, kể từ 19h ng&agrave;y 7/7.</p>\r\n\r\n<p>L&atilde;nh đạo huyện Trấn Y&ecirc;n giao c&ocirc;ng an huyện chủ tr&igrave; phối hợp c&ugrave;ng UBND x&atilde; Đ&agrave;o Thịnh, c&aacute;c cơ quan li&ecirc;n quan thực hiện kiểm so&aacute;t 24/24h đối với to&agrave;n bộ cụm d&acirc;n cư thuộc khu vực phong tỏa tr&ecirc;n.</p>\r\n\r\n<p>&quot;Ch&uacute;ng t&ocirc;i đang cho tiến h&agrave;nh test nhanh, đối với to&agrave;n bộ số c&ocirc;ng nh&acirc;n đang l&agrave;m việc tại doanh nghiệp tr&ecirc;n địa b&agrave;n x&atilde; Đ&agrave;o Thịnh - nơi ph&aacute;t hiện 2 ca nghi mắc. Doanh nghiệp xuất hiện 2 ca nghi mắc c&oacute; 56 c&ocirc;ng nh&acirc;n đang l&agrave;m việc&quot;, vị l&atilde;nh đạo UBND tỉnh Y&ecirc;n B&aacute;i n&oacute;i.</p>\r\n\r\n<p>Tuy nhi&ecirc;n, th&ocirc;ng tin mới cập nhật l&uacute;c 21h30 c&ugrave;ng ng&agrave;y (7/7), hiện 2 ca nghi mắc tại x&atilde; Đ&agrave;o Thịnh đ&atilde; c&oacute; kết quả &acirc;m t&iacute;nh với SARS-CoV-2. Lực lượng chức năng vẫn đang tiếp tục lấy mẫu x&eacute;t nghiệm c&aacute;c trường hợp li&ecirc;n quan c&ograve;n lại, v&agrave; sẽ c&acirc;n nhắc lại việc phong tỏa khu vực cụm d&acirc;n cư ở x&atilde; Đ&agrave;o Thịnh, huyện Trấn Y&ecirc;n.</p>\r\n', 'Trần Thanh', '2021-07-15', 3, 'Huyện Trấn Yên (Yên Bái) vừa quyết định phong tỏa cụm dân cư 3 thôn tại xã Đào Thịnh, do tại đây xuất hiện ca nghi ngờ dương tính với SARS-CoV-2.', 'xh8.jpeg');
INSERT INTO `tintuc` (`matin`, `tieude`, `noidung`, `tacgia`, `ngayviet`, `maloaitin`, `MoTa`, `hinhanh`) VALUES
(34, 'Phê bình Chủ tịch thành phố Bắ', '<p style=\"text-align:center\"><img alt=\"Phê bình Chủ tịch thành phố Bắc Giang vì để dịch bùng trong doanh nghiệp - 1\" src=\"https://icdn.dantri.com.vn/thumb_w/660/2021/07/09/facebook16257853097036819037827629320542-crop-1625785650158.jpeg\" title=\"Phê bình Chủ tịch thành phố Bắc Giang vì để dịch bùng trong doanh nghiệp - 1\" /></p>\r\n\r\n<p>Nhấn để ph&oacute;ng to ảnh</p>\r\n\r\n<p>Chốt kiểm dịch phường Ho&agrave;ng Văn Thụ, th&agrave;nh phố Bắc Giang.</p>\r\n\r\n<p>Tối 9/7, trao đổi với PV&nbsp;<em>D&acirc;n tr&iacute;</em>, &ocirc;ng Nguyễn Văn Hoan, Chủ tịch UBND th&agrave;nh phố Bắc Giang cho biết, từ ng&agrave;y 7 - 9/7, th&agrave;nh phố Bắc Giang ghi nhận 12 trường hợp dương t&iacute;nh với virus&nbsp;<a href=\"https://dantri.com.vn/suc-khoe/dai-dich-covid-19.htm\">SARS-CoV-2</a>&nbsp;li&ecirc;n quan đến C&ocirc;ng ty May GWT (th&ocirc;n Ph&uacute;c Thượng, x&atilde; Song Mai); C&ocirc;ng ty TNHH BAIAN Vina (th&ocirc;n Đ&ocirc;ng L&yacute;, x&atilde; T&acirc;n Mỹ).</p>\r\n\r\n<p>Lực lượng chức năng th&agrave;nh phố Bắc Giang v&agrave; c&aacute;c phường, x&atilde; đ&atilde; khẩn trương truy vết c&aacute;c trường hợp li&ecirc;n quan đến c&aacute;c ca bệnh để thực hiện c&aacute;ch ly tập trung v&agrave; tại nơi cư tr&uacute;. Trong 3 ng&agrave;y nay, Trung t&acirc;m Y tế th&agrave;nh phố v&agrave; c&aacute;c phường, x&atilde; đ&atilde; tổ chức lấy mẫu x&eacute;t nghiệm cho hơn 6.800 người c&oacute; nguy cơ.</p>\r\n\r\n<p>Để ngăn ngừa dịch l&acirc;y lan ra cộng đồng, th&agrave;nh phố Bắc Giang đ&atilde; thiết lập v&ugrave;ng c&aacute;ch ly y tế tại một số th&ocirc;n, tổ d&acirc;n phố thuộc c&aacute;c phường, x&atilde;: T&acirc;n Mỹ, Song Mai, Trần Nguy&ecirc;n H&atilde;n, Ho&agrave;ng Văn Thụ, T&acirc;n Tiến, Dĩnh Kế. Đặc biệt, Chủ tịch UBND tỉnh quyết định c&aacute;ch ly y tế to&agrave;n bộ x&atilde; Song Mai từ trưa 9/7.</p>\r\n\r\n<p>X&atilde; T&acirc;n Mỹ phối hợp với c&aacute;c cơ quan chức năng truy vết v&agrave; thực hiện c&aacute;ch ly gần 150 trường hợp F1, F2; lấy mẫu x&eacute;t nghiệm tầm so&aacute;t to&agrave;n bộ người d&acirc;n 3 th&ocirc;n c&oacute; ca bệnh v&agrave; đang tiếp tục x&eacute;t nghiệm ở c&aacute;c th&ocirc;n kh&aacute;c với người c&oacute; nguy cơ cao.</p>\r\n\r\n<p>X&atilde; Song Mai đ&atilde; lập 15 chốt tại khu vực gi&aacute;p ranh giữa c&aacute;c th&ocirc;n v&agrave; x&atilde; l&acirc;n cận; tạm dừng hoạt động c&aacute;c chợ v&agrave; lấy mẫu x&eacute;t nghiệm cho to&agrave;n bộ người d&acirc;n tại địa b&agrave;n.</p>\r\n\r\n<p>Trước nguy cơ l&acirc;y nhiễm dịch bệnh trong doanh nghiệp, ng&agrave;nh chức năng th&agrave;nh phố Bắc Giang th&agrave;nh lập c&aacute;c tổ kiểm tra, gi&aacute;m s&aacute;t v&agrave; phối hợp với c&aacute;c phường, x&atilde; tuy&ecirc;n truyền c&aacute;c doanh nghiệp x&eacute;t nghiệm cho c&ocirc;ng nh&acirc;n mỗi tuần/lần; th&agrave;nh lập tổ an to&agrave;n&nbsp;<a href=\"https://dantri.com.vn/suc-khoe/dai-dich-covid-19.htm\">Covid-19</a>&nbsp;gi&aacute;m s&aacute;t chặt việc chấp h&agrave;nh quy định ph&ograve;ng dịch v&agrave; c&oacute; phương &aacute;n xử l&yacute; khi người lao động c&oacute; biểu hiện ho, sốt; c&agrave;i đặt phần mềm theo d&otilde;i truy vết; x&aacute;c định v&ugrave;ng lấy mẫu tầm so&aacute;t cộng đồng v&agrave; v&ugrave;ng c&oacute; nguy cơ cao để lấy mẫu x&eacute;t nghiệm.</p>\r\n', 'Bá Đoàn', '2021-07-15', 3, 'Chủ tịch tỉnh Bắc Giang vừa phê bình Chủ tịch và Ban Chỉ đạo phòng, chống dịch thành phố Bắc Giang vì đã thiếu sâu sát trong chỉ đạo, kiểm tra, giám sát để xảy ra dịch trong các doanh nghiệp.', 'xh9.jpeg'),
(35, 'Người về từ vùng dịch tự cách ', '<p>Trước t&igrave;nh h&igrave;nh dịch&nbsp;<a href=\"https://dantri.com.vn/suc-khoe/dai-dich-covid-19.htm\">Covid-19</a>&nbsp;vẫn diễn biến phức tạp ở nhiều địa phương tr&ecirc;n cả nước, đặc biệt tại TPHCM v&agrave; c&aacute;c tỉnh ph&iacute;a Nam, UBND tỉnh Hưng Y&ecirc;n vừa c&oacute; th&ocirc;ng b&aacute;o kết luận của Chủ tịch UBND tỉnh Hưng Y&ecirc;n tại cuộc họp trực tuyến Ban Chỉ đạo to&agrave;n tỉnh về c&ocirc;ng t&aacute;c ph&ograve;ng, chống dịch (PCD) Covid-19.</p>\r\n\r\n<p>Theo đ&oacute;, Chủ tịch UBND tỉnh y&ecirc;u cầu thủ trưởng c&aacute;c sở, ban, ng&agrave;nh, đo&agrave;n thể tỉnh, Ban Chỉ đạo PCD c&aacute;c cấp, c&aacute;c tổ chức, doanh nghiệp v&agrave; nh&acirc;n d&acirc;n tr&ecirc;n địa b&agrave;n tỉnh tiếp tục thực hiện nghi&ecirc;m chỉ đạo của Trung ương, của tỉnh Hưng Y&ecirc;n về c&ocirc;ng t&aacute;c PCD.</p>\r\n\r\n<p>Chủ tịch UBND tỉnh Hưng Y&ecirc;n y&ecirc;u cầu UBND cấp huyện phối hợp ng&agrave;nh c&ocirc;ng an, qu&acirc;n sự, y tế chỉ đạo đẩy mạnh hoạt động hệ thống PCD cơ sở, như: duy tr&igrave;, kiện to&agrave;n v&agrave; đẩy mạnh hoạt động Tổ Kiểm so&aacute;t PCD tại c&aacute;c th&ocirc;n, khu phố, chung cư với th&agrave;nh phần: B&iacute; thư chi bộ, trưởng th&ocirc;n, khu phố, th&agrave;nh vi&ecirc;n c&aacute;c tổ chức ch&iacute;nh trị - x&atilde; hội, đo&agrave;n thể, t&igrave;nh nguyện vi&ecirc;n tại khu d&acirc;n cư v&agrave; Tổ Covid cộng đồng.</p>\r\n\r\n<p>Mỗi tổ phụ tr&aacute;ch 30-50 hộ gia đ&igrave;nh hằng ng&agrave;y đi&nbsp;từng ng&otilde;, g&otilde; từng nh&agrave;, d&ograve; từng đối tượng y&ecirc;u cầu người từ TPHCM, c&aacute;c tỉnh ph&iacute;a Nam v&agrave; c&aacute;c địa phương c&oacute; dịch về địa b&agrave;n thực hiện nghi&ecirc;m việc khai b&aacute;o y tế, c&aacute;ch ly tại nh&agrave; 21 ng&agrave;y, phải c&oacute; biển b&aacute;o &quot;điểm c&aacute;ch ly y tế tại nh&agrave;&quot; trước nh&agrave;. Ngo&agrave;i ra, những người c&aacute;ch ly tại nh&agrave; cần được lấy mẫu x&eacute;t nghiệm 3 lần (ng&agrave;y thứ nhất, ng&agrave;y thứ 3 v&agrave; ng&agrave;y thứ 7).</p>\r\n\r\n<p><img alt=\"Người về từ vùng dịch tự cách ly phải treo biển thông báo trước nhà - 1\" src=\"https://icdn.dantri.com.vn/thumb_w/660/2021/07/09/theo-doi-y-te-1625812769756.jpeg\" title=\"Người về từ vùng dịch tự cách ly phải treo biển thông báo trước nhà - 1\" /></p>\r\n\r\n<p>Nhấn để ph&oacute;ng to ảnh</p>\r\n\r\n<p>Hưng Y&ecirc;n y&ecirc;u cầu người c&aacute;ch ly tại nh&agrave; phải treo biển th&ocirc;ng b&aacute;o trước nh&agrave;. (Ảnh minh họa).</p>\r\n\r\n<p>Lực lượng kiểm so&aacute;t Covid-19 địa phương cần tuy&ecirc;n truyền, vận động, nhắc nhở nh&acirc;n d&acirc;n thực hiện nghi&ecirc;m c&aacute;c biện ph&aacute;p ph&ograve;ng, chống dịch, tuyệt đối tu&acirc;n thủ y&ecirc;u cầu 5K; khuyến kh&iacute;ch người d&acirc;n tố gi&aacute;c với ch&iacute;nh quyền địa phương khi ph&aacute;t hiện người lạ về địa b&agrave;n, trốn tr&aacute;nh c&aacute;ch ly,&nbsp;khai b&aacute;o y tế.</p>\r\n\r\n<p>&quot;Y&ecirc;u cầu khuyến c&aacute;o người th&acirc;n tại v&ugrave;ng dịch tạm thời chưa về địa phương, c&aacute;c gia đ&igrave;nh k&yacute; cam kết thực hiện c&aacute;c biện ph&aacute;p PCD với ch&iacute;nh quyền địa phương&quot;, th&ocirc;ng b&aacute;o viết.</p>\r\n\r\n<p>Ngo&agrave;i ra, Chủ tịch UBND tỉnh Hưng Y&ecirc;n y&ecirc;u cầu phải kiện to&agrave;n đội phản ứng nhanh cấp x&atilde; để hỗ trợ c&aacute;c th&ocirc;n, tổ d&acirc;n phố kịp thời xử l&yacute; t&igrave;nh huống PCD khi cần; khuyến kh&iacute;ch c&aacute;c địa phương căn cứ t&igrave;nh h&igrave;nh dịch lập c&aacute;c chốt kiểm so&aacute;t người, phương tiện ra v&agrave;o khu vực d&acirc;n cư. Y&ecirc;u cầu doanh nghiệp, cơ sở sản xuất kinh doanh, chợ, trung t&acirc;m thương mại, bệnh viện, ph&ograve;ng kh&aacute;m tư nh&acirc;n duy tr&igrave; hoạt động Tổ kiểm so&aacute;t PCD, kiểm so&aacute;t triệt để người đến cơ sở, y&ecirc;u cầu thực hiện nghi&ecirc;m y&ecirc;u cầu 5K.</p>\r\n\r\n<p>Đối với c&aacute;c chốt PCD v&agrave; c&ocirc;ng t&aacute;c truy vết, Chủ tịch UBND tỉnh Hưng Y&ecirc;n đề nghị c&ocirc;ng an tỉnh chủ tr&igrave;, phối hợp với c&aacute;c đơn vị, địa phương chỉ đạo hoạt động hiệu quả chốt PCD c&aacute;c cấp, kiểm so&aacute;t chặt chẽ c&aacute;c phương tiện v&agrave;o địa b&agrave;n tỉnh, nhất l&agrave; đối tượng l&aacute;i xe đường d&agrave;i, phương tiện chở người về tỉnh từ TPHCM, c&aacute;c tỉnh ph&iacute;a Nam v&agrave; c&aacute;c địa phương c&oacute; dịch. Đối với những người trở về từ v&ugrave;ng c&oacute; dịch muốn v&agrave;o Hưng Y&ecirc;n phải c&oacute; giấy x&eacute;t nghiệm &acirc;m t&iacute;nh với&nbsp;<a href=\"https://dantri.com.vn/suc-khoe/dai-dich-covid-19.htm\">SARS-CoV-2</a>&nbsp;trong v&ograve;ng 72 giờ v&agrave; phải thực hiện c&aacute;ch ly, theo d&otilde;i sức khỏe tại nh&agrave; 21 ng&agrave;y...</p>\r\n\r\n<p>Chủ tịch UBND tỉnh Hưng Y&ecirc;n y&ecirc;u cầu Sở Y tế chỉ đạo c&aacute;c cơ sở y tế thực hiện ngay dịch vụ lấy mẫu, x&eacute;t nghiệm c&oacute; thu ph&iacute; đối với người d&acirc;n về tỉnh từ v&ugrave;ng dịch, nhất l&agrave; từ TPHCM v&agrave; c&aacute;c tỉnh miền Nam; tham mưu với UBND tỉnh ban h&agrave;nh kế hoạch ti&ecirc;m vắc xin ph&ograve;ng Covid-19 to&agrave;n tỉnh trước ng&agrave;y 15/7.</p>\r\n', 'Nguyễn Dương', '2021-07-15', 3, 'Tỉnh Hưng Yên yêu cầu người từ TPHCM, các tỉnh phía Nam và các địa phương có dịch về địa bàn phải khai báo y tế, cách ly tại nhà 21 ngày, phải có biển báo ', 'xh10.jpeg'),
(36, 'Hà Nội: Thêm 9 ca dương tính S', '<p>Cụ thể, theo Sở Y tế H&agrave; Nội, c&aacute;c ca dương t&iacute;nh&nbsp;<a href=\"https://dantri.com.vn/suc-khoe/dai-dich-covid-19.htm\">SARS-CoV-2</a>&nbsp;mới bao gồm:</p>\r\n\r\n<p>5 trường hợp l&agrave; nh&acirc;n vi&ecirc;n tại C&ocirc;ng ty S., Khu c&ocirc;ng nghiệp Thăng Long:</p>\r\n\r\n<p>Bệnh nh&acirc;n V.X.Đ., nam, sinh năm 1990, địa chỉ tại số 64 Mai Ch&acirc;u, x&atilde; Đại Mạch, huyện Đ&ocirc;ng Anh, l&agrave; F1 của BN28478. Bệnh nh&acirc;n l&agrave;m việc tại ph&ograve;ng RGO.</p>\r\n\r\n<p>Bệnh nh&acirc;n T.T.T., nữ, sinh năm 1993, địa chỉ tại x&oacute;m 3, Cổ Điền, Đ&ocirc;ng Anh. Bệnh nh&acirc;n l&agrave; nh&acirc;n vi&ecirc;n ph&ograve;ng AOI, ph&acirc;n xưởng F1.</p>\r\n\r\n<p>Bệnh nh&acirc;n Đ.V.H., nam, sinh năm 1991, địa chỉ tại th&ocirc;n 3, Kh&ecirc; Ngoại, Văn Kh&ecirc;, M&ecirc; Linh. Bệnh nh&acirc;n l&agrave; nh&acirc;n vi&ecirc;n ph&ograve;ng IT, ph&acirc;n xưởng F1.</p>\r\n\r\n<p>Bệnh nh&acirc;n P.T.T.T., nữ, sinh năm 1993, địa chỉ tại Đại Đồng, Đại Mạch, Đ&ocirc;ng Anh. Bệnh nh&acirc;n l&agrave;m tại bộ phận QA-Lap.</p>\r\n\r\n<p>Bệnh nh&acirc;n N.V.Q., nam, sinh năm 1989, địa chỉ tại H&agrave; Kh&ecirc;, V&acirc;n H&agrave;, Đ&ocirc;ng Anh. Bệnh nh&acirc;n l&agrave; nh&acirc;n vi&ecirc;n văn ph&ograve;ng bộ phận sản xuất (FRONT).</p>\r\n\r\n<p>C&aacute;c bệnh nh&acirc;n đều được c&aacute;ch ly từ ng&agrave;y 5/7, được x&eacute;t nghiệm trước đ&oacute; 2 lần &acirc;m t&iacute;nh. Ng&agrave;y 13/7, c&aacute;c bệnh nh&acirc;n được lấy mẫu x&eacute;t nghiệm lần 3, kết quả dương t&iacute;nh SARS-CoV-2.</p>\r\n\r\n<p><img alt=\"Hà Nội: Thêm 9 ca dương tính SARS-CoV-2 thuộc 5 quận huyện - 1\" src=\"https://icdn.dantri.com.vn/thumb_w/660/2021/07/09/hanoijpg2-1625843721685.jpg\" title=\"Hà Nội: Thêm 9 ca dương tính SARS-CoV-2 thuộc 5 quận huyện - 1\" /></p>\r\n\r\n<p>Nhấn để ph&oacute;ng to ảnh</p>\r\n\r\n<p>Lấy mẫu x&eacute;t nghiệm Covid-19 (Ảnh minh họa).</p>\r\n\r\n<p>B&ecirc;n cạnh đ&oacute;, c&ograve;n c&oacute; một ca thuộc ch&ugrave;m An Mỹ, Mỹ Đức; 2 ca thuộc ch&ugrave;m li&ecirc;n quan TPHCM tại Hoa V&ocirc;i, Quốc Oai v&agrave; một ca thuộc ch&ugrave;m kh&aacute;c li&ecirc;n quan đến TPHCM:</p>\r\n\r\n<p>Bệnh nh&acirc;n N.T.L., nữ, sinh năm 2007, địa chỉ tại K&ecirc;nh Đ&agrave;o, An Mỹ, Mỹ Đức, l&agrave; F1 (con) của BN22064. Bệnh nh&acirc;n được lấy mẫu x&eacute;t nghiệm lần một ng&agrave;y 6/7 v&agrave; chuyển c&aacute;ch ly tại khu Ph&aacute;p V&acirc;n, Tứ Hiệp, kết quả x&eacute;t nghiệm &acirc;m t&iacute;nh. Ng&agrave;y 13/7, bệnh nh&acirc;n được lấy mẫu x&eacute;t nghiệm lần 2, kết quả dương t&iacute;nh (CDC H&agrave; Nội thực hiện).</p>\r\n\r\n<p>Bệnh nh&acirc;n B.D.T.N., nam, sinh năm 1996, địa chỉ tại 108/182 tổ 13, Ph&uacute; Diễn, Bắc Từ Li&ecirc;m. Bệnh nh&acirc;n đi tr&ecirc;n chuyến m&aacute;y bay VN242 từ TPHCM hạ c&aacute;nh S&acirc;n bay Nội B&agrave;i ng&agrave;y 6/7 (tr&ecirc;n chuyến bay ghi nhận 5 bệnh nh&acirc;n tại Vĩnh Ph&uacute;c), được lấy mẫu x&eacute;t nghiệm lần một ng&agrave;y 7/7 v&agrave; chuyển c&aacute;ch ly tại khu c&aacute;ch ly Ph&aacute;p V&acirc;n, Tứ Hiệp, kết quả x&eacute;t nghiệm lần một &acirc;m t&iacute;nh. Ng&agrave;y 13/7, bệnh nh&acirc;n được lấy mẫu x&eacute;t nghiệm lần 2, kết quả dương t&iacute;nh (CDC H&agrave; Nội thực hiện).</p>\r\n\r\n<p>Bệnh nh&acirc;n N.T.D., nữ, sinh năm 2010, địa chỉ tại Hoa V&ocirc;i, Quốc Oai. Bệnh nh&acirc;n l&agrave; F1 của BN30495 v&agrave; BN30496. Bệnh nh&acirc;n được lấy mẫu x&eacute;t nghiệm lần một ng&agrave;y 11/7 v&agrave; chuyển c&aacute;ch ly tại khu Ph&aacute;p V&acirc;n, Tứ Hiệp, kết quả x&eacute;t nghiệm lần một &acirc;m t&iacute;nh. Ng&agrave;y 13/7, bệnh nh&acirc;n được lấy mẫu x&eacute;t nghiệm lần 2, kết quả dương t&iacute;nh (CDC H&agrave; Nội thực hiện).</p>\r\n\r\n<p>Bệnh nh&acirc;n N.T.T., nữ, sinh năm 2011, địa chỉ tại Hoa V&ocirc;i, Quốc Oai. Bệnh nh&acirc;n l&agrave; F1 của BN30495 v&agrave; BN30496. Bệnh nh&acirc;n được lấy mẫu x&eacute;t nghiệm lần một ng&agrave;y 11/7 v&agrave; chuyển c&aacute;ch ly tại khu Ph&aacute;p V&acirc;n, Tứ Hiệp, kết quả &acirc;m t&iacute;nh. Ng&agrave;y 13/7, bệnh nh&acirc;n xuất hiện sốt được lấy mẫu x&eacute;t nghiệm lần 2, kết quả dương t&iacute;nh (CDC H&agrave; Nội thực hiện).</p>\r\n', 'Minh Nhật', '2021-07-15', 4, 'Hà Nội vừa ghi nhận thêm 9 ca dương tính SARS-CoV-2 mới, đều là các trường hợp F1 đã được cách ly tập trung từ trước đó.', 'sk3.jpeg'),
(37, 'Hà Nội: 2 người làm việc cùng ', '<p>Cụ thể, theo Trung t&acirc;m Kiểm so&aacute;t Bệnh tật H&agrave; Nội, 2 trường hợp dương t&iacute;nh vừa được ghi nhận l&agrave; bệnh nh&acirc;n P.V.T., nam, sinh năm 1999 v&agrave; bệnh nh&acirc;n D.Q.C., nam, sinh năm 1976. Cả 2 bệnh nh&acirc;n đều c&oacute; địa chỉ tại th&ocirc;n Bầu, Kim Chung, Đ&ocirc;ng Anh.</p>\r\n\r\n<p>2 bệnh nh&acirc;n l&agrave; bảo vệ tại cổng F5 Nh&agrave; m&aacute;y S., Khu c&ocirc;ng nghiệp Thăng Long (c&ugrave;ng bệnh nh&acirc;n H.V.H. - BN21330).</p>\r\n\r\n<p><img alt=\"Hà Nội: 2 người làm việc cùng F0 tại KCN Thăng Long dương tính SARS-CoV-2 - 1\" src=\"https://icdn.dantri.com.vn/thumb_w/660/2021/07/06/yte31625323053898-1625564267610.jpg\" title=\"Hà Nội: 2 người làm việc cùng F0 tại KCN Thăng Long dương tính SARS-CoV-2 - 1\" /></p>\r\n\r\n<p>Nhấn để ph&oacute;ng to ảnh</p>\r\n\r\n<p>Lấy mẫu x&eacute;t nghiệm Covid-19 (Ảnh minh họa).</p>\r\n\r\n<p>Ng&agrave;y 5/7, c&aacute;c bệnh nh&acirc;n được x&aacute;c định l&agrave; F1 v&agrave; được lấy mẫu x&eacute;t nghiệm c&oacute; kết quả &acirc;m t&iacute;nh. Ng&agrave;y 8/7 c&aacute;c bệnh nh&acirc;n c&oacute; triệu chứng, được chuyển đến Bệnh viện Đ&ocirc;ng Anh, lấy mẫu x&eacute;t nghiệm lần 2, đến ng&agrave;y 9/7 c&oacute; kết quả dương t&iacute;nh (Bệnh viện Đức Giang thực hiện).</p>\r\n\r\n<p>S&aacute;ng nay, H&agrave; Nội cũng đ&atilde; ghi nhận 2 ca dương t&iacute;nh&nbsp;<a href=\"https://dantri.com.vn/suc-khoe/dai-dich-covid-19.htm\">SARS-CoV-2</a>&nbsp;sống c&ugrave;ng nh&agrave; tại địa chỉ L&ecirc; Văn Thi&ecirc;m, Thanh Xu&acirc;n. Điều tra dịch tễ x&aacute;c định một F0 từ TPHCM từng ở tại nh&agrave; 2 bệnh nh&acirc;n.</p>\r\n', 'Minh Nhật', '2021-07-15', 4, '2 nhân viên bảo vệ tại Khu Công nghiệp Thăng Long đã có kết quả dương tính SARS-CoV-2.', 'sk4.jpeg'),
(38, 'Bác sĩ nhiễm SARS-CoV-2, phong', '<p>Trưa 9/7, b&aacute;c sĩ Ng&ocirc; Đức Tuấn - Gi&aacute;m đốc Bệnh viện Đa khoa Đồng Nai, x&aacute;c nhận cơ sở n&agrave;y đ&atilde; tiến h&agrave;nh phong tỏa Khoa Nội tiết do c&oacute; nữ b&aacute;c sĩ l&agrave;m việc tại đ&acirc;y dương t&iacute;nh với SARS-CoV-2.</p>\r\n\r\n<p>Ca dương t&iacute;nh được ph&aacute;t hiện sau khi Bệnh viện Đa khoa Đồng Nai tiến h&agrave;nh x&eacute;t nghiệm định kỳ 1.500 nh&acirc;n vi&ecirc;n, b&aacute;c sĩ.</p>\r\n\r\n<p><img alt=\"Bác sĩ nhiễm SARS-CoV-2, phong tỏa Khoa Nội tiết Bệnh viện Đa khoa Đồng Nai - 1\" src=\"https://icdn.dantri.com.vn/thumb_w/660/2021/07/09/img2263-1625813834164.jpeg\" title=\"Bác sĩ nhiễm SARS-CoV-2, phong tỏa Khoa Nội tiết Bệnh viện Đa khoa Đồng Nai - 1\" /></p>\r\n\r\n<p>Nhấn để ph&oacute;ng to ảnh</p>\r\n\r\n<p>Khoa Nội tiết của Bệnh viện Đa khoa Đồng Nai đ&atilde; được phong tỏa v&igrave; li&ecirc;n quan đến ca dương t&iacute;nh với SARS-CoV-2</p>\r\n\r\n<p>Hiện bệnh viện đ&atilde; cho c&aacute;ch ly 28 b&aacute;c sĩ v&agrave; điều dưỡng, 45 bệnh nh&acirc;n, 44 người nh&agrave; của bệnh nh&acirc;n thuộc Khoa Nội tiết để truy vết.</p>\r\n\r\n<p>Qua điều tra dịch tễ x&aacute;c định nữ b&aacute;c sĩ nhiễm&nbsp;<a href=\"https://dantri.com.vn/suc-khoe/dai-dich-covid-19.htm\">SARS-CoV-2</a>&nbsp;chỉ tiếp x&uacute;c với em trai đang học lớp 12, bố mẹ nghỉ ở nh&agrave;, kh&ocirc;ng li&ecirc;n quan đến TPHCM.</p>\r\n\r\n<p>H&agrave;ng ng&agrave;y, nữ b&aacute;c sĩ đi l&agrave;m từ nh&agrave; ở phường T&acirc;n Mai (TP Bi&ecirc;n H&ograve;a) đến bệnh viện rồi về.</p>\r\n\r\n<p>Được biết, 45 bệnh nh&acirc;n v&agrave; 44 người nh&agrave; tại Khoa Nội tiết trước đ&oacute; đ&atilde; l&agrave;m x&eacute;t nghiệm PCR tại khu kh&aacute;m s&agrave;ng lọc, cấp cứu, c&oacute; kết quả &acirc;m t&iacute;nh mới đưa l&ecirc;n khoa điều trị.</p>\r\n\r\n<p>28 b&aacute;c sĩ, điều dưỡng tại khoa đ&atilde; được l&agrave;m x&eacute;t nghiệm ng&agrave;y 8/7, đều c&oacute; kết quả &acirc;m t&iacute;nh.</p>\r\n\r\n<p>Ri&ecirc;ng về những người c&oacute; tiếp x&uacute;c với nữ b&aacute;c sĩ n&oacute;i tr&ecirc;n khi đến kh&aacute;m, chữa bệnh đ&atilde; được bệnh viện th&ocirc;ng b&aacute;o th&ocirc;ng qua quản l&yacute; hồ sơ kh&aacute;m, đề nghị họ đến c&aacute;c trung t&acirc;m y tế tại địa phương lấy mẫu x&eacute;t nghiệm.</p>\r\n\r\n<p>Li&ecirc;n quan đến t&igrave;nh h&igrave;nh dịch bệnh tr&ecirc;n địa b&agrave;n tỉnh Đồng Nai, trưa 9/7, tỉnh n&agrave;y th&ocirc;ng tin ghi nhận th&ecirc;m 25 ca dương t&iacute;nh mới với SARS-CoV-2.</p>\r\n', 'Khoa Nam', '2021-07-15', 4, ' Sau khi test nhanh sàng lọc định kỳ, một nữ bác sĩ công tác tại Khoa Nội tiết- Bệnh viện Đa khoa Đồng Nai có kết quả dương tính với SARS-CoV-2.', 'sk5.jpeg'),
(39, 'Phát hiện ca nhiễm SARS-CoV-2,', '<p>Ng&agrave;y 13/7, Ki&ecirc;n Giang quyết định phong tỏa tạm thời Bệnh viện Đa khoa tỉnh n&agrave;y để x&eacute;t nghiệm s&agrave;ng lọc tất cả b&aacute;c sĩ, nh&acirc;n vi&ecirc;n, người bệnh, người nu&ocirc;i bệnh&hellip; Qua truy vết ban đầu c&oacute; 38 y b&aacute;c sĩ, nh&acirc;n vi&ecirc;n y tế l&agrave; F1 của ca bệnh n&agrave;y.</p>\r\n\r\n<p>Ngay sau khi phong tỏa, Sở Y tế Ki&ecirc;n Giang cũng đ&atilde; ph&aacute;t đi th&ocirc;ng b&aacute;o r&agrave; so&aacute;t tất cả người bệnh, người thăm, nu&ocirc;i bệnh c&oacute; đến Bệnh viện đa khoa tỉnh từ ng&agrave;y 30/6 đến Trung t&acirc;m y tế địa phương khai b&aacute;o y tế.</p>\r\n\r\n<p style=\"text-align:center\"><img alt=\"Phát hiện ca nhiễm SARS-CoV-2, Kiên Giang phong tỏa Bệnh viện lớn nhất tỉnh - 1\" src=\"https://icdn.dantri.com.vn/thumb_w/660/2021/07/13/bv-jg-4-1626157243467.jpeg\" title=\"Phát hiện ca nhiễm SARS-CoV-2, Kiên Giang phong tỏa Bệnh viện lớn nhất tỉnh - 1\" /></p>\r\n\r\n<p>Nhấn để ph&oacute;ng to ảnh</p>\r\n\r\n<p>Từ 13/7 Bệnh viện đa khoa tỉnh Ki&ecirc;n Giang tạm ngưng chuyển bệnh nh&acirc;n đến v&agrave; kh&aacute;m bệnh ngoại tr&uacute; tại Bệnh viện.</p>\r\n\r\n<p>B&ecirc;n cạnh đ&oacute;, Sở Y tế Ki&ecirc;n Giang cũng c&oacute; c&ocirc;ng văn hỏa tốc th&ocirc;ng b&aacute;o về việc tạm ngưng chuyển bệnh nh&acirc;n đến v&agrave; kh&aacute;m bệnh ngoại tr&uacute; tại Bệnh viện Đa khoa tỉnh Ki&ecirc;n Giang kể từ 13/7.</p>\r\n\r\n<p>Trường hợp người bệnh cấp cứu vượt khả năng điều trị của c&aacute;c cơ sở kh&aacute;m bệnh, chữa bệnh tuyến dưới cần chuyển viện đến Bệnh viện đa khoa tỉnh, c&aacute;c cơ sở kh&aacute;m chữa bệnh tuyến dưới phải th&ocirc;ng b&aacute;o trước hoặc hội chẩn qua điện thoại để được hỗ trợ, chuẩn bị tiếp nhận, đảm bảo an to&agrave;n cho người bệnh.</p>\r\n\r\n<p>Việc tiếp nhận người bệnh đến kh&aacute;m ngoại tr&uacute; tại Bệnh viện đa khoa tỉnh v&agrave; tr&ecirc;n địa b&agrave;n Th&agrave;nh phố Rạch Gi&aacute; tạm thời do bệnh viện đa khoa tư nh&acirc;n B&igrave;nh An, Trung t&acirc;m Y tế TP Rạch Gi&aacute; v&agrave; c&aacute;c ph&ograve;ng kh&aacute;m đa khoa tư nh&acirc;n tr&ecirc;n địa b&agrave;n th&agrave;nh phố thực hiện.</p>\r\n\r\n<p>Bệnh viện đa khoa tỉnh khẩn trương bố tr&iacute; nơi kh&aacute;m bệnh tạm thời tại Bệnh viện ung bướu tỉnh Ki&ecirc;n Giang (Cơ sở ở Bệnh viện đa khoa cũ) để tiếp nhận người bệnh đến kh&aacute;m ngoại tr&uacute; v&agrave;o ng&agrave;y mai 14/7.</p>\r\n', 'Nguyễn Hành', '2021-07-15', 4, 'Kiên Giang vừa phong tỏa tạm thời Bệnh viện đa khoa tỉnh Kiên Giang sau khi phát hiện ca nhiễm SARS-CoV-2 vào 12/7. Truy vết bước đầu có 38 trường hợp F1 là bác sĩ, nhân viên y tế.', 'sk6.jpeg'),
(40, 'Bắc Giang: Hơn 5.000 bệnh nhân', '<p>Hiện c&ograve;n 568 bệnh nh&acirc;n mắc&nbsp;<a href=\"https://dantri.com.vn/suc-khoe/dai-dich-covid-19.htm\">Covid-19</a>&nbsp;tại c&aacute;c cơ sở điều trị trong tỉnh, chủ yếu l&agrave; c&aacute;c trường hợp nhẹ v&agrave; kh&ocirc;ng triệu chứng.</p>\r\n\r\n<p>Trong 24h t&iacute;nh đến 17h ng&agrave;y 12/7, tỉnh Bắc Giang ghi nhận th&ecirc;m 7 ca dương t&iacute;nh, n&acirc;ng tổng số trường hợp F0 đến nay l&agrave; 5.773 trường hợp. C&aacute;c ca dương t&iacute;nh mới đều ở trong khu c&aacute;ch ly, v&ugrave;ng phong tỏa.</p>\r\n\r\n<p>Ban chỉ đạo ph&ograve;ng, chống dịch tỉnh Bắc Giang dự b&aacute;o trong những ng&agrave;y tới, tiếp tục ph&aacute;t sinh th&ecirc;m một số trường hợp F0, chủ yếu li&ecirc;n quan đến ổ dịch tại th&agrave;nh phố Bắc Giang, đ&atilde; ở trong khu c&aacute;ch ly tập trung, v&ugrave;ng phong tỏa.</p>\r\n\r\n<p>Trong ng&agrave;y 12/7, c&oacute; th&ecirc;m 48 bệnh nh&acirc;n mắc Covid-19 khỏi bệnh. Đến nay đ&atilde; c&oacute; 5.127 bệnh nh&acirc;n ra viện, chiếm 88,8% tổng số bệnh nh&acirc;n của tỉnh.</p>\r\n\r\n<p><strong>Ninh B&igrave;nh: Chỉ c&ograve;n 15 bệnh nh&acirc;n Covid-19 đang điều trị</strong></p>\r\n\r\n<p>Th&ocirc;ng tin từ Sở Y tế Ninh B&igrave;nh cho biết, 7 ca bệnh được xuất viện mới nhất tr&ecirc;n địa b&agrave;n gồm c&aacute;c bệnh nh&acirc;n: 12865, 12866, 12867, 12862, 12899 v&agrave; 13642.</p>\r\n\r\n<p>Đ&acirc;y đều l&agrave; những c&ocirc;ng nh&acirc;n Việt Nam nhập cảnh từ Mozambique về nước tr&aacute;nh dịch, sau khi ph&aacute;t hiện mắc Covid-19 được c&aacute;ch ly, điều trị tại Ph&ograve;ng kh&aacute;m Đa khoa khu vực Cầu Y&ecirc;n (huyện Hoa Lư, Ninh B&igrave;nh).</p>\r\n\r\n<p style=\"text-align:center\"><img alt=\"Bắc Giang: Hơn 5.000 bệnh nhân Covid-19 khỏi bệnh ra viện - 1\" src=\"https://icdn.dantri.com.vn/thumb_w/660/2021/06/11/phong-kham-cau-yen-1623398373168.jpg\" title=\"Bắc Giang: Hơn 5.000 bệnh nhân Covid-19 khỏi bệnh ra viện - 1\" /></p>\r\n\r\n<p>Nhấn để ph&oacute;ng to ảnh</p>\r\n\r\n<p>Ph&ograve;ng kh&aacute;m Đa khoa khu vực cầu Y&ecirc;n - nơi c&aacute;ch ly, điều trị cho c&aacute;c ca mắc Covid-19 tại Ninh B&igrave;nh.</p>\r\n\r\n<p>C&aacute;c bệnh nh&acirc;n được xuất viện sau nhiều lần c&oacute; kết quả x&eacute;t nghiệm &acirc;m t&iacute;nh li&ecirc;n tiếp với SARS-CoV-2, đủ điều kiện xuất viện theo quy định của Bộ Y tế.</p>\r\n\r\n<p>Sau khi xuất viện, c&aacute;c trường hợp n&agrave;y tiếp tục được điều chuyển về c&aacute;ch ly tập trung tại Trung đo&agrave;n 855 trong thời gian 14 ng&agrave;y tiếp theo. Tiếp tục lấy mẫu x&eacute;t nghiệm v&agrave;o c&aacute;c ng&agrave;y thứ 7 v&agrave; 14 hoặc ngay khi c&oacute; triệu chứng nghi ngờ.</p>\r\n\r\n<p>Li&ecirc;n quan đến 7 bệnh nh&acirc;n n&agrave;y c&oacute; 18 người tiếp x&uacute;c gần đến nay cũng đ&atilde; ho&agrave;n th&agrave;nh thời gian c&aacute;ch ly, theo d&otilde;i tại Ph&ograve;ng kh&aacute;m Đa khoa khu vực Gia Lạc (huyện Gia Viễn), cũng được điều chuyển về tiếp tục c&aacute;ch ly tập trung tại Trung đo&agrave;n 855, với thời gian thực hiện l&agrave; 7 ng&agrave;y, lấy mẫu x&eacute;t nghiệm v&agrave;o ng&agrave;y thứ 7 theo quy định về ph&ograve;ng, chống dịch.</p>\r\n\r\n<p>Như vậy, đến nay tr&ecirc;n địa b&agrave;n tỉnh Ninh B&igrave;nh c&ograve;n 14 ca bệnh x&aacute;c định đang điều trị, trong đ&oacute; phần lớn l&agrave; c&aacute;c ca bệnh t&aacute;i dương t&iacute;nh.</p>\r\n\r\n<p>T&iacute;nh từ đợt dịch thứ 4 cuối th&aacute;ng 4/2021 đến nay, tỉnh Ninh B&igrave;nh tiếp nhận 15 bệnh nh&acirc;n đ&atilde; điều trị khỏi tại c&aacute;c cơ sở điều trị trong nước về địa phương. Qua x&eacute;t nghiệm s&agrave;ng lọc, đ&atilde; c&oacute; 12/15 trường hợp t&aacute;i dương t&iacute;nh, được ng&agrave;nh Y tế điều chuyển đến c&aacute;c cơ sở y tế c&aacute;ch ly, điều trị, đảm bảo c&aacute;c quy định về ph&ograve;ng, chống dịch bệnh.</p>\r\n', 'Bá Đoàn - Thái Bá', '2021-07-15', 4, 'Đến nay tỉnh Bắc Giang có hơn 5.000 bệnh nhân ra viện, chiếm 88,8% tổng số bệnh nhân của tỉnh.', 'sk7.jpeg'),
(41, 'Hơn 13.000 ca Covid-19, TPHCM ', '<p><strong>Thiếu h&agrave;ng ngh&igrave;n nh&acirc;n vi&ecirc;n y tế</strong></p>\r\n\r\n<p>Trung t&acirc;m Kiểm so&aacute;t Bệnh tật TPHCM&nbsp;(HCDC) cho biết, t&iacute;nh hết ng&agrave;y 11/7, c&oacute; 13.331 trường hợp mắc bệnh ph&aacute;t hiện tại Th&agrave;nh phố Hồ Ch&iacute; Minh được Bộ Y tế c&ocirc;ng bố, trong đ&oacute;, chỉ c&oacute;&nbsp; 251 trường hợp nhập cảnh.</p>\r\n\r\n<p>Hiện TPHCM đang điều trị 12.653 bệnh nh&acirc;n dương t&iacute;nh mới, 653 trường hợp khỏi bệnh, 25 ca tử vong.</p>\r\n\r\n<p>Dự b&aacute;o số ca mắc mới sẽ tiếp tục gia tăng, n&ecirc;n d&ugrave; c&aacute;c ca bệnh kh&ocirc;ng triệu chứng v&agrave; triệu chứng nhẹ chiếm tỷ lệ cao nhưng &aacute;p lực của c&ocirc;ng t&aacute;c điều trị hiện tại l&agrave; rất lớn.</p>\r\n\r\n<p><img alt=\"Hơn 13.000 ca Covid-19, TPHCM cần thêm hàng nghìn cán bộ y tế - 1\" src=\"https://icdn.dantri.com.vn/thumb_w/660/2021/07/12/covid-1626063921611.jpeg\" title=\"Hơn 13.000 ca Covid-19, TPHCM cần thêm hàng nghìn cán bộ y tế - 1\" /></p>\r\n\r\n<p>Nhấn để ph&oacute;ng to ảnh</p>\r\n\r\n<p>Điều trị bệnh nh&acirc;n Covid-19 tại TPHCM. Ảnh: Kh&aacute;nh Phương</p>\r\n\r\n<p>Theo PGS.TS Tăng Ch&iacute; Thượng Ph&oacute; Gi&aacute;m Đốc Sở Y tế TP.HCM, thực tế số ca F0 li&ecirc;n tục tăng cao đ&atilde; tạo n&ecirc;n &aacute;p lực rất lớn cho khối điều trị.</p>\r\n\r\n<p>Hiện tại, TP.HCM đ&atilde; chuẩn bị được 28.500 giường thu dung bệnh nh&acirc;n&nbsp;<a href=\"https://dantri.com.vn/suc-khoe/dai-dich-covid-19.htm\">Covid-19</a>&nbsp;kh&ocirc;ng triệu chứng, dự kiến số giường sẽ tăng l&ecirc;n 30.000. TPHCM cũng đ&atilde; l&ecirc;n kịch bản cho 50.000 giường bệnh cho bệnh nh&acirc;n Covid-19 trong tuần tới.</p>\r\n\r\n<p>Ph&oacute; Gi&aacute;m đốc Sở Y tế TPHCM đ&aacute;nh gi&aacute;, nhu cầu nh&acirc;n lực cho khối điều trị hiện tại l&agrave; rất lớn.</p>\r\n\r\n<p>Theo t&iacute;nh to&aacute;n, cứ khoảng 1.000 giường bệnh cần khoảng 200 nh&acirc;n lực y tế. Điều n&agrave;y cho thấy nh&acirc;n lực cần cho điều trị bệnh nh&acirc;n Covid-19 l&agrave; rất lớn, chưa kể số ca mắc tăng l&ecirc;n, th&igrave; sẽ gia tăng th&igrave; số trường hợp bệnh nh&acirc;n nặng cần sự hỗ trợ chuy&ecirc;n s&acirc;u cũng sẽ gia tăng tương ứng.</p>\r\n\r\n<p>Hiện nay, TPHCM cũng d&agrave;nh 1.000 giường hồi sức cho bệnh nh&acirc;n nặng v&agrave; nguy kịch, được bố tr&iacute; ở 4 bệnh viện lớn gồm bệnh viện Chợ Rẫy, bệnh viện Nhiệt đới TP, bệnh viện Nh&acirc;n d&acirc;n Gia Định v&agrave; bệnh viện Nh&acirc;n d&acirc;n 115.</p>\r\n\r\n<p>Ng&agrave;nh x&acirc;y dựng cũng đ&atilde; chuẩn bị nguồn căn hộ dự ph&ograve;ng tại c&aacute;c chung cư v&agrave; khu t&aacute;i định cư. Nguồn dự ph&ograve;ng dự kiến sẽ l&agrave; 40.000 giường điều trị để sẵn s&agrave;ng điều động v&agrave; hỗ trợ ng&agrave;nh Y tế khi c&oacute; cần thiết.</p>\r\n\r\n<p>Chia sẻ th&ecirc;m về vấn đề hỗ trợ nh&acirc;n lực cho khối điều trị tại TPHCM, PGS.TS Nguyễn Trường Sơn, Thứ trưởng Bộ Y tế, Trưởng Bộ phận thường trực đặc biệt của Bộ Y tế hỗ trợ chống&nbsp;<a href=\"https://dantri.com.vn/suc-khoe/dai-dich-covid-19.htm\">dịch Covid-19</a>&nbsp;tại TPHCM cho biết, dựa tr&ecirc;n kế hoạch, nhu cầu nh&acirc;n lực chi tiết, Bộ Y tế sẽ c&oacute; kế hoạch điều phối, hỗ trợ nh&acirc;n sự ph&ugrave; hợp với y&ecirc;u cầu từ TPHCM.</p>\r\n\r\n<p><strong>Bộ Y tế sẵn s&agrave;ng chi viện nh&acirc;n lực</strong></p>\r\n\r\n<p>Bộ Y tế đ&atilde; chuẩn bị sẵn s&agrave;ng đội ngũ gần 10.000 c&aacute;n bộ nh&acirc;n vi&ecirc;n y tế chi viện cho TPHCM để gi&uacute;p th&agrave;nh phố đ&aacute;p ứng với diễn biến của dịch.</p>\r\n\r\n<p>Theo t&iacute;nh to&aacute;n, TPHCM hiện cần khoảng 1.500 b&aacute;c sĩ c&ugrave;ng 5.500 điều dưỡng v&agrave; kỹ thuật vi&ecirc;n để bổ sung nh&acirc;n sự cho khối điều trị.</p>\r\n\r\n<p>Được biết, theo đề nghị của l&atilde;nh đạo TPHCM, Bộ Y tế đ&atilde; huy động 3.360 c&aacute;n bộ y tế của c&aacute;c bệnh viện trung ương tr&ecirc;n địa b&agrave;n v&agrave; 3.500 c&aacute;n bộ y tế, sinh vi&ecirc;n c&aacute;c trường y tế tr&ecirc;n cả nước trong tuần n&agrave;y sẽ c&oacute; mặt tại TPHCM chi viện, phối hợp với ch&iacute;nh quyền v&agrave; y tế sở tại để thực hiện nhiệm vụ.</p>\r\n\r\n<p>Mới nhất, Trường Đại học Y Dược Th&aacute;i B&igrave;nh cho biết đ&atilde; tập huấn chuy&ecirc;n m&ocirc;n cho 150 sinh vi&ecirc;n, sẵn s&agrave;ng l&ecirc;n đường khi c&oacute; lệnh y&ecirc;u cầu.</p>\r\n\r\n<p>Trước đ&oacute;, trong đợt chống dịch Covid-19 tại Bắc Giang, Đại học Y Dược Th&aacute;i B&igrave;nh đ&atilde; cử đo&agrave;n c&aacute;n bộ, sinh vi&ecirc;n gồm 72 th&agrave;nh vi&ecirc;n tới chi viện trong 36 ng&agrave;y li&ecirc;n tục.</p>\r\n\r\n<p>Nhằm hỗ trợ ph&iacute;a Nam, 350 sinh vi&ecirc;n Đại học Y H&agrave; Nội đ&atilde; l&ecirc;n đường hỗ trợ tỉnh B&igrave;nh Dương chống dịch. Ngo&agrave;i ra, 319 sinh vi&ecirc;n, c&aacute;n bộ Trường Đại học Kỹ thuật Y tế Hải Dương đang tiếp tục hỗ trợ TPHCM thực hiện việc lấy mẫu x&eacute;t nghiệm, l&agrave;m x&eacute;t nghiệm kh&aacute;ng nguy&ecirc;n bằng test nhanh, x&eacute;t nghiệm Realtime RT-PCR v&agrave; hỗ trợ một số c&ocirc;ng việc kh&aacute;c tại cơ sở y tế địa phương.</p>\r\n\r\n<p>Ng&agrave;y 11/7, thực hiện chỉ đạo của Bộ trưởng Y tế, Bệnh viện Bạch Mai đ&atilde; cử đo&agrave;n c&ocirc;ng t&aacute;c gồm 15 b&aacute;c sĩ, điều dưỡng c&aacute;c chuy&ecirc;n ng&agrave;nh hồi sức cấp cứu, truyền nhiễm, h&ocirc; hấp v&agrave; trang thiết bị vật tư l&ecirc;n đường để hỗ trợ Đồng Nai cấp cứu, điều trị c&aacute;c bệnh nh&acirc;n Covid-19 nặng.</p>\r\n', 'Tú Anh', '2021-07-15', 4, 'Đến sáng 12/7, HCDC cho biết số ca nhiễm SARS-CoV-2 tại TPHCM đã vượt 13.000 trường hợp. Bộ Y tế đánh giá, áp lực điều trị các ca Covid-19 tại đây rất lớn, khi mà số ca mắc mới tiếp tục gia tăng.', 'sk8.jpeg'),
(42, 'Bộ Y tế công bố ca tử vong thứ', '<p>Tiểu ban điều trị Ban chỉ đạo Quốc gia ph&ograve;ng, chống dịch&nbsp;<a href=\"https://dantri.com.vn/suc-khoe/dai-dich-covid-19.htm\">Covid-19</a>&nbsp;th&ocirc;ng b&aacute;o 2 ca tử vong số 111 v&agrave; 112.</p>\r\n\r\n<p><strong>Ca</strong><strong>&nbsp;tử vong thứ 111</strong>&nbsp;l&agrave; BN19591, nữ, 59 tuổi, ở quận 7, TPHCM, c&oacute; tiền sử tăng huyết &aacute;p. Ng&agrave;y 3/7, bệnh nh&acirc;n c&oacute; x&eacute;t nghiệm dương t&iacute;nh với&nbsp;<a href=\"https://dantri.com.vn/suc-khoe/dai-dich-covid-19.htm\">SARS-CoV-2</a>&nbsp;v&agrave; được chuyển đến Bệnh viện D&atilde; chiến số 1 Long An.</p>\r\n\r\n<p style=\"text-align:center\"><img alt=\"Bộ Y tế công bố ca tử vong thứ 111 và 112 do Covid-19 - 1\" src=\"https://icdn.dantri.com.vn/thumb_w/660/2021/05/23/xetnghiem-190-1621745017573.jpeg\" title=\"Bộ Y tế công bố ca tử vong thứ 111 và 112 do Covid-19 - 1\" /></p>\r\n\r\n<p>Nhấn để ph&oacute;ng to ảnh</p>\r\n\r\n<p>Ảnh minh họa.&nbsp;</p>\r\n\r\n<p>Chẩn đo&aacute;n l&uacute;c v&agrave;o viện l&agrave; mắc Covid-19 tr&ecirc;n bệnh nh&acirc;n tăng huyết &aacute;p. Bệnh nh&acirc;n tử vong ng&agrave;y 7/7. Nguy&ecirc;n nh&acirc;n tử vong l&agrave; vi&ecirc;m phổi nặng do Covid-19 biến chứng suy h&ocirc; hấp tiến triển, nhiễm khuẩn huyết tr&ecirc;n bệnh nh&acirc;n tăng huyết &aacute;p.</p>\r\n\r\n<p><strong>Ca</strong><strong>&nbsp;tử vong thứ</strong><strong>&nbsp;112</strong>&nbsp;l&agrave; BN10936, nữ, 64 tuổi, ở Quang Ch&acirc;u, Bắc Giang. Bệnh nh&acirc;n c&oacute; tiền sử đ&aacute;i th&aacute;o đường chưa điều trị, u tuyến gi&aacute;p điều trị theo đơn.</p>\r\n\r\n<p>Ng&agrave;y 6/6, bệnh nh&acirc;n c&oacute; x&eacute;t nghiệm dương t&iacute;nh với SARS-CoV-2. Từ ng&agrave;y 9/6, bệnh nh&acirc;n xuất hiện ho, sốt, tiến triển suy h&ocirc; hấp tăng dần được chuyển đến Trung t&acirc;m ICU, Bệnh viện T&acirc;m thần Bắc Giang.</p>\r\n\r\n<p>Ng&agrave;y 22/6, bệnh nh&acirc;n được chuyển đến Bệnh viện Bệnh nhiệt đới Trung ương cơ sở Đ&ocirc;ng Anh (H&agrave; Nội). Chẩn đo&aacute;n l&uacute;c v&agrave;o viện l&agrave; theo d&otilde;i nhiễm khuẩn huyết, sốc nhiễm khuẩn, Covid-19 nặng.</p>\r\n\r\n<p>Bệnh nh&acirc;n tử vong v&agrave;o rạng s&aacute;ng 7/7. Nguy&ecirc;n nh&acirc;n tử vong l&agrave; sốc nhiễm khuẩn, suy đa tạng, vi&ecirc;m phổi do SARS-CoV-2 biến chứng suy h&ocirc; hấp tiến triển tr&ecirc;n bệnh nh&acirc;n đ&aacute;i th&aacute;o đường, u tuyến gi&aacute;p.</p>\r\n\r\n<p>Như vậy, đến nay Việt Nam c&oacute; 112 bệnh nh&acirc;n Covid-19 tử vong, trong đ&oacute; ri&ecirc;ng đợt dịch thứ 4 c&oacute; 77 ca tử vong.</p>\r\n', 'Nam Phương', '2021-07-15', 4, ' Chiều 10/7, Bộ Y tế cho biết hai trường hợp tử vong này đều là bệnh nhân nữ, có bệnh lý nền, một ca ở TPHCM, trường hợp còn lại ở Bắc Giang.', 'sk9.jpeg'),
(43, 'Bộ Y tế công bố 3 ca tử vong d', '<p>Tiểu ban Điều trị Ban chỉ đạo Quốc gia ph&ograve;ng, chống dịch&nbsp;<a href=\"https://dantri.com.vn/suc-khoe/dai-dich-covid-19.htm\">Covid-19</a>&nbsp;th&ocirc;ng b&aacute;o 3 ca tử vong 103-105.</p>\r\n\r\n<p><strong>Ca</strong><strong>&nbsp;tử vong thứ</strong><strong>&nbsp;103</strong>&nbsp;l&agrave; BN12566, nam, 74 tuổi, ở quận 4, TPHCM. Bệnh nh&acirc;n c&oacute; tiền sử xơ gan do vi&ecirc;m gan C,&nbsp;<a href=\"https://dantri.com.vn/ung-thu-gan.tag\">ung thư gan</a>&nbsp;đ&atilde; điều trị, tăng huyết &aacute;p, đ&aacute;i th&aacute;o đường. Bệnh nh&acirc;n c&oacute; kết quả x&eacute;t nghiệm dương t&iacute;nh SARS-CoV-2 v&agrave;o ng&agrave;y 17/6.</p>\r\n\r\n<p>Từ ng&agrave;y 18-25/6, bệnh nh&acirc;n được c&aacute;ch ly, điều trị tại Bệnh viện điều trị Covid Cần Giờ, TPHCM. Ng&agrave;y 25/6, bệnh nh&acirc;n được chuyển đến Bệnh viện Trưng Vương TPHCM. Chẩn đo&aacute;n v&agrave;o viện l&agrave; mắc Covid-19, theo d&otilde;i&nbsp;<a href=\"https://dantri.com.vn/xo-gan.tag\">xơ gan</a>&nbsp;mất b&ugrave;, vi&ecirc;m gan C, ung thư gan đ&atilde; điều trị, theo d&otilde;i nhiễm tr&ugrave;ng huyết nghi do nhiễm tr&ugrave;ng dịch cổ trướng, tăng huyết &aacute;p, đ&aacute;i th&aacute;o đường, tổn thương thận cấp.</p>\r\n\r\n<p style=\"text-align:center\"><img alt=\"Bộ Y tế công bố 3 ca tử vong do Covid-19 ở TPHCM, Đà Nẵng, Bắc Giang - 1\" src=\"https://icdn.dantri.com.vn/thumb_w/660/2021/05/28/xetnghiem091-1622176888620.jpeg\" title=\"Bộ Y tế công bố 3 ca tử vong do Covid-19 ở TPHCM, Đà Nẵng, Bắc Giang - 1\" /></p>\r\n\r\n<p>Nhấn để ph&oacute;ng to ảnh</p>\r\n\r\n<p>Ảnh minh họa: Đỗ Linh.</p>\r\n\r\n<p>Bệnh nh&acirc;n tử vong v&agrave;o chiều 3/7. Nguy&ecirc;n nh&acirc;n tử vong l&agrave; vi&ecirc;m phổi do nhiễm&nbsp;<a href=\"https://dantri.com.vn/suc-khoe/dai-dich-covid-19.htm\">SARS-CoV-2</a>&nbsp;mức độ nguy kịch biến chứng suy h&ocirc; hấp tiến triển, suy đa cơ quan tr&ecirc;n bệnh nh&acirc;n ung thư gan, xơ gan do vi&ecirc;m gan si&ecirc;u vi C, suy tim, tăng huyết &aacute;p, đ&aacute;i th&aacute;o đường.</p>\r\n\r\n<p><strong>Ca</strong><strong>&nbsp;tử vong thứ</strong><strong>&nbsp;104</strong>&nbsp;l&agrave; BN13041, nữ, 72 tuổi, ở quận Thanh Kh&ecirc;, TP Đ&agrave; Nẵng. Bệnh nh&acirc;n c&oacute; tiếp x&uacute;c với nhiều F0 l&agrave; th&agrave;nh vi&ecirc;n gia đ&igrave;nh.</p>\r\n\r\n<p>Ng&agrave;y 18/6, bệnh nh&acirc;n xuất hiện ho, ngứa, r&aacute;t cổ được CDC Đ&agrave; Nẵng x&eacute;t nghiệm v&agrave; cho kết quả dương t&iacute;nh. Ng&agrave;y 19/6, bệnh nh&acirc;n được chuyển đến Bệnh viện Phổi Đ&agrave; Nẵng theo d&otilde;i v&agrave; điều trị tiếp. Chẩn đo&aacute;n v&agrave;o viện l&agrave; vi&ecirc;m phổi nặng do Covid-19 biến chứng suy h&ocirc; hấp tiến triển&nbsp;tr&ecirc;n bệnh nh&acirc;n đ&aacute;i th&aacute;o đường, b&eacute;o ph&igrave;, suy tim, xuất huyết ti&ecirc;u h&oacute;a cao mức độ nặng.</p>\r\n\r\n<p>Bệnh nh&acirc;n tử vong v&agrave;o s&aacute;ng 7/7. Nguy&ecirc;n nh&acirc;n tử vong l&agrave; vi&ecirc;m phổi nặng do Covid-19 biến chứng suy h&ocirc; hấp tiến triển, suy đa tạng, sốc nhiễm khuẩn, sốc giảm thể t&iacute;ch do xuất huyết ti&ecirc;u h&oacute;a cao mức độ nặng, nhiễm nấm candida x&acirc;m lấn tr&ecirc;n bệnh nh&acirc;n đ&aacute;i th&aacute;o đường, b&eacute;o ph&igrave;, suy tim.</p>\r\n\r\n<p><strong>Ca tử vong thứ&nbsp;</strong><strong>105</strong>&nbsp;l&agrave; BN10096, nữ, 67 tuổi, ở Việt Y&ecirc;n, Bắc Giang, c&oacute; tiền sử tăng huyết &aacute;p nhiều năm, đ&aacute;i th&aacute;o đường một năm.</p>\r\n\r\n<p>Ng&agrave;y 3/6 bệnh nh&acirc;n xuất hiện ho, đau r&aacute;t họng được x&eacute;t nghiệm SARS-CoV-2 v&agrave; cho kết quả dương t&iacute;nh. Bệnh nh&acirc;n nhập viện Bệnh viện Phổi Bắc Giang, với chẩn đo&aacute;n vi&ecirc;m phổi ARDS do SARS-CoV-2 tr&ecirc;n bệnh nh&acirc;n tăng huyết &aacute;p, đ&aacute;i th&aacute;o đường. Bệnh nh&acirc;n được hỗ trợ&nbsp;thở oxy d&ograve;ng cao, chống vi&ecirc;m, kh&aacute;ng sinh, chống đ&ocirc;ng m&aacute;u, hồi sức t&iacute;ch cực nhưng t&igrave;nh trạng tổn thương phổi kh&ocirc;ng cải thiện, phải tiến h&agrave;nh can thiệp đặt ống nội kh&iacute; quản, thở m&aacute;y, v&agrave; can thiệp ECMO.</p>\r\n\r\n<p>Ng&agrave;y 13/6, bệnh nh&acirc;n được chuyển đến Bệnh viện Bệnh Nhiệt đới Trung ương. Chẩn đo&aacute;n khi v&agrave;o viện l&agrave; sốc nhiễm tr&ugrave;ng, nhiễm nấm huyết, vi&ecirc;m phổi ARDS do SARS-CoV-2, suy thận tr&ecirc;n bệnh nh&acirc;n đ&aacute;i th&aacute;o đường, tăng huyết &aacute;p. Bệnh nh&acirc;n tử vong v&agrave;o đ&ecirc;m 5/7.</p>\r\n\r\n<p>Nguy&ecirc;n nh&acirc;n tử vong l&agrave; sốc nhiễm tr&ugrave;ng, suy đa tạng, vi&ecirc;m phổi ARDS do SARS-CoV-2 tr&ecirc;n bệnh nh&acirc;n đ&aacute;i th&aacute;o đường, tăng huyết &aacute;p.</p>\r\n\r\n<p>Như vậy, từ đầu vụ dịch đến nay nước ta đ&atilde; c&oacute; 105 ca tử vong, ri&ecirc;ng đợt dịch thứ 4 c&oacute; 70 trường hợp tử vong.&nbsp;</p>\r\n', 'Nam Phương', '2021-07-15', 4, 'Bộ Y tế cho biết đây là các ca tử vong thứ 103-105, là các bệnh nhân cao tuổi, có nhiều bệnh lý nền.', 'sk10.jpeg'),
(44, 'Federer, Nadal chúc mừng Djoko', '<p>Sau khi đ&aacute;nh bại Matteo Berrettini 6-7, 6-4, 6-4, 6-3 ở chung kết Wimbledon 2021, Djokovic đ&atilde; gi&agrave;nh 3 Grand Slam trong năm 2021, c&acirc;n bằng kỷ lục 20 Grand Slam đang được giữ bởi Federer v&agrave; Rafael Nadal.</p>\r\n\r\n<p>Trong số ba huyền thoại quần vợt đương đại, Djokovic trẻ nhất, k&eacute;m Federer 6 tuổi v&agrave; k&eacute;m Nadal một tuổi. X&eacute;t tr&ecirc;n phong độ v&agrave; thể trạng hiện tại, Djokovic được nhiều chuy&ecirc;n gia đ&aacute;nh gi&aacute; c&oacute; khả năng cao kết th&uacute;c sự nghiệp với danh hiệu Grand Slam nhiều nhất.</p>\r\n\r\n<p style=\"text-align:center\"><img alt=\"Federer, Nadal chúc mừng Djokovic sau chức vô địch Grand Slam thứ 20 - 1\" src=\"https://icdn.dantri.com.vn/thumb_w/660/2021/07/12/djokovic-1626045323400.jpg\" title=\"Federer, Nadal chúc mừng Djokovic sau chức vô địch Grand Slam thứ 20 - 1\" /></p>\r\n\r\n<p>Nhấn để ph&oacute;ng to ảnh</p>\r\n\r\n<p>Djokovic đang trải qua năm 2021 đầy th&agrave;nh c&ocirc;ng với 20 Grand Slam.</p>\r\n\r\n<p>Trước mắt nhiều khả năng cả Djokovic, Nadal v&agrave; Federer sẽ c&ugrave;ng tham gia chinh chiến ở US Open - Grand Slam cuối c&ugrave;ng trong năm 2021 v&agrave; người v&ocirc; địch ch&iacute;nh thức sẽ lập kỷ lục mới.</p>\r\n\r\n<p>Roger Federer viết tr&ecirc;n trang Twitter c&aacute; nh&acirc;n: &quot;Ch&uacute;c mừng Novak với danh hiệu Grand Slam thứ 20. T&ocirc;i tự h&agrave;o khi c&oacute; cơ hội được chơi trong kỷ nguy&ecirc;n tennis đặc biệt của những nh&agrave; v&ocirc; địch vĩ đại. Một m&agrave;n tr&igrave;nh diễn tuyệt vời, ch&uacute;c mừng cậu&quot;.</p>\r\n\r\n<p>Rafael Nadal cũng chia sẻ niềm vui với Djokovic: &quot;Ch&uacute;c mừng Nole với th&agrave;nh t&iacute;ch đ&aacute;ng kinh ngạc n&agrave;y. 20 Grand Slam l&agrave; th&agrave;nh tựu lớn v&agrave; thật tuyệt khi ba ch&uacute;ng ta c&ugrave;ng chia sẻ cột mốc n&agrave;y. Ch&uacute;c mừng cậu v&agrave; ban huấn luyện&quot;.</p>\r\n\r\n<p>Djokovic th&acirc;u t&oacute;m cả ba Grand Slam từ đầu năm 2021. Tay vợt người Serbia lần lượt hạ Daniil Medvedev ở Australia Open, Stefanos Tsitsipas tại Roland Garros v&agrave; Berrettini tại Wimbledon trong c&aacute;c trận chung kết.</p>\r\n\r\n<p>Trong lịch sử, chỉ ba người từng v&ocirc; địch cả ba Grand Slam đầu năm trước khi hướng đến US Open. Nếu thắng tại New York sau đ&acirc;y hai th&aacute;ng, Nole sẽ trở th&agrave;nh tay vợt đầu ti&ecirc;n v&ocirc; địch 4 Grand Slam trong c&ugrave;ng một năm, t&iacute;nh ở kỷ nguy&ecirc;n Mở.</p>\r\n\r\n<p>Nếu so về th&agrave;nh t&iacute;ch lớn gồm Grand Slam, ATP Finals, Masters 1000 v&agrave; HCV Olympic th&igrave; Djokovic đang dẫn đầu về số danh hiệu lớn, với 61 chức v&ocirc; địch (gồm 20 Grand Slam, 5 ATP Finals v&agrave; 36 Masters 1000). Rafael Nadal xếp thứ hai với 57 danh hiệu c&ograve;n Federer c&oacute; 54 lần đăng quang.</p>\r\n', 'Thùy Anh', '2021-07-15', 2, 'Djokovic đã vô địch Wimbledon 2021 sau khi đánh bại Matteo Berrettini ở trận chung kết và giành Grand Slam thứ 20 trong sự nghiệp, bằng với Roger Federer và Rafael Nadal.', 'th7.jpeg'),
(45, 'HLV Southgate tuyên bố sẽ đánh', '<p>HLV Gareth Southagte của đội tuyển Anh cho biết Italia l&agrave; đội b&oacute;ng mạnh, nhưng Anh mới l&agrave; đội sẽ gi&agrave;nh chiến thắng trong trận chung kết Euro 2020 (2h ng&agrave;y 11/7).</p>\r\n\r\n<p>Đội tuyển Anh đang đứng trước cơ hội lớn để v&ocirc; địch Euro lần đầu ti&ecirc;n trong lịch sử&nbsp;<a href=\"https://dantri.com.vn/the-thao/bong-da-trong-nuoc.htm\">b&oacute;ng đ&aacute;</a>&nbsp;nước n&agrave;y. Phải đối đầu với tuyển Italia sẽ l&agrave; kh&oacute; khăn lớn của đội chủ nh&agrave; Anh, nhưng HLV Gareth Southgate của đội b&oacute;ng n&agrave;y cho hay, &ocirc;ng chỉ tập trung v&agrave;o việc gi&agrave;nh chiến thắng.</p>\r\n\r\n<p>Trước trận chung kết tr&ecirc;n s&acirc;n Wembley (London - Anh), v&agrave;o l&uacute;c 2h s&aacute;ng 12/7 (theo giờ Việt Nam), HLV Gareth Southgate của tuyển Anh n&oacute;i:&nbsp;<em>&quot;Ch&uacute;ng t&ocirc;i c&oacute; mặt trong trận chung kết để gi&agrave;nh chiến thắng. T&ocirc;i h&agrave;i l&ograve;ng với c&aacute;ch ch&uacute;ng t&ocirc;i thừa hưởng di sản của b&oacute;ng đ&aacute; Anh. Nhưng giờ, điều quan trọng nhất l&agrave; gi&agrave;nh c&uacute;p v&ocirc; địch&quot;.</em></p>\r\n\r\n<p><img alt=\"HLV Southgate tuyên bố sẽ đánh bại Italia trong trận chung kết Euro 2020 - 1\" src=\"https://icdn.dantri.com.vn/thumb_w/660/2021/07/11/southgate111721-1625964500470.jpeg\" title=\"HLV Southgate tuyên bố sẽ đánh bại Italia trong trận chung kết Euro 2020 - 1\" /></p>\r\n\r\n<p>Nhấn để ph&oacute;ng to ảnh</p>\r\n\r\n<p>HLV Gareth Southgate tiết lộ tuyển Anh đ&atilde; sẵn s&agrave;ng để đoạt c&uacute;p v&ocirc; địch Euro 2020.</p>\r\n\r\n<p><em>&quot;Ch&uacute;ng t&ocirc;i sẽ chuẩn bị cho trận chung kết như bao trận đấu kh&aacute;c. C&aacute;c cầu thủ Anh đ&atilde; sẵn s&agrave;ng v&agrave; họ biết họ cần phải l&agrave;m g&igrave; để đ&aacute; trận chung kết. Tất cả đang mong chờ trận đấu n&agrave;y&quot;</em>&nbsp;- HLV Gareth Southgate n&oacute;i th&ecirc;m.</p>\r\n\r\n<p>Đối thủ của tuyển Anh trong trận chung kết Euro 2020 sẽ l&agrave; tuyển Italia rất mạnh v&agrave; đầy tinh qu&aacute;i. Mỗi b&ecirc;n đều khuyết một vị tr&iacute; trong đội h&igrave;nh của m&igrave;nh trước trận tranh ng&ocirc;i v&ocirc; địch, v&igrave; chấn thương. Người chắc chắn kh&ocirc;ng thể ra s&acirc;n b&ecirc;n ph&iacute;a Italia l&agrave; hậu vệ tr&aacute;i Spinazzola. C&ograve;n người gặp chấn thương b&ecirc;n ph&iacute;a tuyển Anh l&agrave; tiền vệ Phil Foden.&nbsp;</p>\r\n\r\n<p>Về c&aacute;c chấn thương n&agrave;y v&agrave; về đối thủ Italia, HLV Gareth Southgate cho biết:&nbsp;<em>&quot;T&ocirc;i kh&ocirc;ng muốn khiến cho c&aacute;c cầu thủ qu&aacute; tải với c&aacute;c th&ocirc;ng tin. Đ&ocirc;i khi phải lựa chọn những th&ocirc;ng tin quan trọng nhất. Italia l&agrave; đội b&oacute;ng sở hữu những cầu thủ tuyệt vời với kế hoạch chiến thuật tốt&quot;.</em>&nbsp;</p>\r\n\r\n<p><em>&quot;Họ cũng c&oacute; một HLV gi&agrave;u kinh nghiệm v&agrave; họ đang rất nỗ lực. Tuy nhi&ecirc;n, ch&uacute;ng t&ocirc;i cũng c&oacute; thế mạnh của m&igrave;nh. Tuyển Anh phải chơi thứ b&oacute;ng đ&aacute; của m&igrave;nh, như ch&uacute;ng t&ocirc;i đ&atilde; thể hiện từ đầu giải đến nay&quot;</em>&nbsp;- vẫn l&agrave; lời của HLV Gareth Southgate.</p>\r\n\r\n<p>Cũng theo &ocirc;ng Southgate, đội tuyển Anh coi như kh&ocirc;ng ho&agrave;n th&agrave;nh nhiệm vụ nếu kh&ocirc;ng gi&agrave;nh được ng&ocirc;i v&ocirc; địch ở giải năm nay,&nbsp;<em>&quot;c&oacute; rất &iacute;t cơ hội để bạn c&oacute; thể chạm đến ng&ocirc;i v&ocirc; địch như thế n&agrave;y trong đời của bạn&quot;</em>&nbsp;- &ocirc;ng Southgate nhấn mạnh đến tầm quan trọng của trận chung kết.</p>\r\n', 'Thiện Nhân', '2021-07-15', 2, 'HLV Gareth Southagte của đội tuyển Anh cho biết Italia là đội bóng mạnh, nhưng Anh mới là đội sẽ giành chiến thắng trong trận chung kết Euro 2020 (2h ngày 11/7).', 'th8.jpeg'),
(46, 'Cựu danh thủ Hà Lan khẳng định', '<p>Đội tuyển Italia sẽ c&ugrave;ng với tuyển Anh tranh t&agrave;i ở trận chung kết Euro 2020 diễn ra v&agrave;o l&uacute;c 2h s&aacute;ng ng&agrave;y 12/7 tới đ&acirc;y. Ở trận đấu n&agrave;y, đội tuyển Anh c&oacute; lợi thế khi được chơi tr&ecirc;n s&acirc;n nh&agrave; Wembley với sự cổ vũ của 90.000 kh&aacute;n giả tr&ecirc;n s&acirc;n.</p>\r\n\r\n<p style=\"text-align:center\"><img alt=\"Cựu danh thủ Hà Lan khẳng định tuyển Italia sẽ vô địch Euro 2020 - 1\" src=\"https://icdn.dantri.com.vn/thumb_w/660/2021/07/09/sneijder-1625808001171.jpg\" title=\"Cựu danh thủ Hà Lan khẳng định tuyển Italia sẽ vô địch Euro 2020 - 1\" /></p>\r\n\r\n<p>Nhấn để ph&oacute;ng to ảnh</p>\r\n\r\n<p>Wesley Sneijder khẳng định tuyển Italia sẽ đ&aacute;nh bại Tam sư ở trận chung kết Euro 2020.</p>\r\n\r\n<p>Tuy nhi&ecirc;n, cựu ng&ocirc;i sao&nbsp;<a href=\"https://dantri.com.vn/the-thao/bong-da-trong-nuoc.htm\">b&oacute;ng đ&aacute;</a>&nbsp;H&agrave; Lan Wesley Sneijder lại cho rằng đội tuyển Italia mới l&agrave; đội b&oacute;ng s&aacute;ng cửa v&ocirc; địch hơn v&agrave; sẽ khiến tuyển Anh nhận thất bại cay đắng trong trận chiến lịch sử n&agrave;y.</p>\r\n\r\n<p>Sneijder cho biết: &quot;<em>Những cặp b&aacute;n kết đ&atilde; diễn ra hấp dẫn. Cả 2 trận đấu đều phải đ&aacute; th&ecirc;m giờ. Italia v&agrave; Anh xứng đ&aacute;ng v&agrave;o chung kết&quot;</em>.</p>\r\n\r\n<p><em>&quot;T&ocirc;i cho rằng Italia sẽ kh&ocirc;ng phải lo lắng về Anh dựa tr&ecirc;n c&aacute;ch họ chơi ở trận b&aacute;n kết trước Đan Mạch. C&aacute;c trận đấu c&ograve;n lại của họ cũng kh&ocirc;ng tốt hơn l&agrave; mấy. Italia l&agrave; ứng cử vi&ecirc;n nặng k&yacute; nhất. T&ocirc;i cho rằng họ sẽ đ&aacute;nh bại Anh với c&aacute;ch biệt một b&agrave;n ở trận đấu cuối c&ugrave;ng&quot;,</em>&nbsp;Sneijder khẳng định.</p>\r\n\r\n<p>Tuyển Anh c&oacute; lần đầu ti&ecirc;n v&agrave;o chung kết Euro, trong khi đ&oacute; Italia đ&atilde; c&oacute; 1 lần l&ecirc;n ng&ocirc;i ở giải đấu n&agrave;y (năm 1968). Trong 8 lần gặp nhau ở c&aacute;c VCK Euro v&agrave; World Cup, đội b&oacute;ng &quot;&aacute;o thi&ecirc;n thanh&quot; &aacute;p đảo với 6 chiến thắng, 1 h&ograve;a v&agrave; chỉ phải nhận duy nhất 1 thất bại.</p>\r\n\r\n<p>Harry Kane v&agrave; c&aacute;c đồng đội c&oacute; lợi thế s&acirc;n nh&agrave;, song Italia ho&agrave;n to&agrave;n c&oacute; thể gi&agrave;nh chức v&ocirc; địch bởi lối chơi gắn kết v&agrave; hiệu quả đ&atilde; được thể hiện từ đầu giải đấu.</p>\r\n', 'Sông Lam', '2021-07-15', 2, 'Cựu danh thủ Hà Lan, Wesley Sneijder khẳng định tuyển Italia sẽ vô địch Euro 2020 bất chấp tuyển Anh được đá trên sân nhà Wembley với gần 90.000 khán giả cổ vũ trên sân.', 'th9.jpeg');
INSERT INTO `tintuc` (`matin`, `tieude`, `noidung`, `tacgia`, `ngayviet`, `maloaitin`, `MoTa`, `hinhanh`) VALUES
(47, 'Cổ động viên quá khích chạy xu', '<p>Cuộc chạm tr&aacute;n giữa tuyển Anh v&agrave; Italia trong trận chung kết Euro 2020 thu h&uacute;t sự ch&uacute; &yacute; rất lớn từ người h&acirc;m mộ. S&acirc;n Wembley ch&agrave;o đ&oacute;n 80.000 CĐV đến theo d&otilde;i trực tiếp cũng như h&agrave;ng triệu người h&acirc;m mộ&nbsp;<a href=\"https://dantri.com.vn/the-thao/bong-da-trong-nuoc.htm\">b&oacute;ng đ&aacute;</a>&nbsp;tr&ecirc;n thế giới theo d&otilde;i qua m&agrave;n h&igrave;nh tivi.</p>\r\n\r\n<p>T&igrave;nh huống đ&aacute;ng ch&uacute; &yacute; xảy ra khi hiệp 2 của trận đấu đang tr&ocirc;i về những ph&uacute;t cuối, một cổ động vi&ecirc;n qu&aacute; kh&iacute;ch chạy xuống s&acirc;n Wembley. C&aacute;c nh&acirc;n vi&ecirc;n an ninh nhanh ch&oacute;ng v&agrave;o cuộc, để bắt giữ anh ch&agrave;ng n&agrave;y.</p>\r\n\r\n<p style=\"text-align:center\"><img alt=\"Cổ động viên quá khích chạy xuống sân phá trận chung kết Euro 2020 - 1\" src=\"https://icdn.dantri.com.vn/thumb_w/660/2021/07/12/qua-khich-1626045338052.jpg\" title=\"Cổ động viên quá khích chạy xuống sân phá trận chung kết Euro 2020 - 1\" /></p>\r\n\r\n<p>Nhấn để ph&oacute;ng to ảnh</p>\r\n\r\n<p>CĐV qu&aacute; kh&iacute;ch cởi trần chạy v&agrave;o s&acirc;n Wembley trong trận chung kết Euro 2020.</p>\r\n\r\n<p>H&agrave;nh động ấy khiến trận chung kết bị gi&aacute;n đoạn v&agrave; g&oacute;p phần l&agrave;m cho hiệp 2 của cuộc đối đầu n&agrave;y c&oacute; đến 6 ph&uacute;t b&ugrave; giờ. Khi ấy, tỷ số vẫn l&agrave; 1-1.</p>\r\n\r\n<p>Tuyển Anh v&agrave; Italia tiếp tục bước v&agrave;o hiệp phụ nhưng kh&ocirc;ng c&oacute; b&agrave;n thắng n&agrave;o được ghi, buộc phải ph&acirc;n định thắng thua trong loạt s&uacute;t lu&acirc;n lưu. Mặc d&ugrave; thủ th&agrave;nh Pickford đ&atilde; rất xuất sắc cản ph&aacute; được hai lượt s&uacute;t của c&aacute;c cầu thủ Italia, nhưng tuyển Anh vẫn thất bại khi 3 cầu thủ Marcus Rashford, Jadon Sancho v&agrave; Bukayo Saka đều thực hiện kh&ocirc;ng th&agrave;nh c&ocirc;ng.</p>\r\n\r\n<p>Trận thua n&agrave;y khiến tuyển Anh sau 55 năm chờ đợi vẫn kh&ocirc;ng thể gi&agrave;nh chức v&ocirc; địch ở một giải đấu lớn. Trong khi đ&oacute;, chiến thắng trong trận chung kết Euro 2020, đội tuyển Italia đ&atilde; c&oacute; tổng cộng 6 danh hiệu lớn, bao gồm 4 lần v&ocirc; địch World Cup (1934, 1938, 1982, 2006) v&agrave; 2 lần v&ocirc; địch Euro (1968, 2020).&nbsp;</p>\r\n', 'Sông Lam', '2021-07-15', 2, 'Trận chung kết Euro 2020 đã bị gián đoạn mất vài phút khi một cổ động viên quá khích đã cởi trần và chạy xuống sân để được nổi tiếng trên mạng xã hội.', 'th10.jpeg'),
(48, 'Hà Nội: Bốn đôi nam nữ dùng ma', '<p>C&ocirc;ng an huyện Mỹ Đức (H&agrave; Nội) đang tạm giữ h&igrave;nh sự c&aacute;c đối tượng Đinh Văn H&ugrave;ng (SN 1995), Đinh Văn Qu&yacute; (SN 1995), B&ugrave;i Quốc Ngọc (SN 1995), Đặng Đ&igrave;nh Thọ (SN 1995, c&ugrave;ng tr&uacute; tại H&ugrave;ng Tiến, Mỹ Đức, H&agrave; Nội) để điều tra h&agrave;nh vi t&agrave;ng trữ tr&aacute;i ph&eacute;p chất ma t&uacute;y.</p>\r\n\r\n<p style=\"text-align:center\"><img alt=\"Hà Nội: Bốn đôi nam nữ dùng ma túy trong quán karaoke lúc rạng sáng - 1\" src=\"https://icdn.dantri.com.vn/thumb_w/660/2021/07/13/21281813618246872410748417785349427467206215n-1626130373837.jpg\" title=\"Hà Nội: Bốn đôi nam nữ dùng ma túy trong quán karaoke lúc rạng sáng - 1\" /></p>\r\n\r\n<p>Nhấn để ph&oacute;ng to ảnh</p>\r\n\r\n<p>8 đối tượng tụ tập sử dụng ma t&uacute;y trong qu&aacute;n karaoke (Ảnh: C&ocirc;ng an H&agrave; Nội).</p>\r\n\r\n<p>Khoảng 0h30 ng&agrave;y 6/7, tổ c&ocirc;ng t&aacute;c C&ocirc;ng an huyện Mỹ Đức phối hợp C&ocirc;ng an x&atilde; Đốc T&iacute;n kiểm tra cơ sở kinh doanh karaoke tại x&oacute;m 4 x&atilde; Đốc T&iacute;n, huyện Mỹ Đức. Qu&aacute; tr&igrave;nh kiểm tra, tổ c&ocirc;ng t&aacute;c ph&aacute;t hiện, bắt quả tang 8 đối tượng (4 nam, 4 nữ) c&oacute; biểu hiện sử dụng tr&aacute;i ph&eacute;p chất ma t&uacute;y.</p>\r\n\r\n<p>Cảnh s&aacute;t thu giữ tang vật l&agrave; 1,986 g Ketamine, 3 đĩa sứ, 3 thẻ nhựa c&ugrave;ng c&aacute;c đồ vật kh&aacute;c li&ecirc;n quan. Tổ c&ocirc;ng t&aacute;c đ&atilde; đưa c&aacute;c đối tượng về trụ sở để tiếp tục x&aacute;c minh, l&agrave;m r&otilde;.</p>\r\n\r\n<p>Căn cứ v&agrave;o t&agrave;i liệu điều tra, C&ocirc;ng an huyện Mỹ Đức bắt giữ bắt giữ th&ecirc;m Qu&aacute;ch Th&agrave;nh Đạt (SN 2003, tr&uacute; tại Con Cu&ocirc;ng, Nghệ An) để điều tra h&agrave;nh vi tổ chức sử dụng tr&aacute;i ph&eacute;p chất ma t&uacute;y.</p>\r\n\r\n<p>C&ocirc;ng an huyện Mỹ Đức đang tiếp tục điều tra, xử l&yacute; c&aacute;c đối tượng theo quy định.</p>\r\n', 'Phúc Lâm', '2021-07-15', 5, 'Kiểm tra cơ sở kinh doanh karaoke, cảnh sát phát hiện 4 đôi nam nữ tụ tập sử dụng trái phép chất ma túy.', 'pl2.jpeg'),
(49, '17 thanh niên nam nữ ', '<p>Ng&agrave;y 13/7, C&ocirc;ng an tỉnh Hưng Y&ecirc;n cho biết, trong khi dịch Covid-19 tại Hưng Y&ecirc;n tiếp tục diễn biến phức tạp, trong những ng&agrave;y qua, lực lượng chức năng đ&atilde; li&ecirc;n tục ph&aacute;t hiện, xử l&yacute; nhiều trường hợp vi phạm c&aacute;c quy định về ph&ograve;ng chống dịch.</p>\r\n\r\n<p style=\"text-align:center\"><img alt=\"17 thanh niên nam nữ bay lắc trong căn hộ chung cư tại Hưng Yên - 1\" src=\"https://icdn.dantri.com.vn/thumb_w/660/2021/07/13/nhom-doi-tuong-1626178271427.jpg\" title=\"17 thanh niên nam nữ bay lắc trong căn hộ chung cư tại Hưng Yên - 1\" /></p>\r\n\r\n<p>Nhấn để ph&oacute;ng to ảnh</p>\r\n\r\n<p>Lực lượng c&ocirc;ng an bắt quả tang c&aacute;c đối tượng tụ tập, sử dụng tr&aacute;i ph&eacute;p chất ma t&uacute;y.</p>\r\n\r\n<p>Điển h&igrave;nh, v&agrave;o hồi 2h15 ng&agrave;y 11/7/2021, Tổ c&ocirc;ng t&aacute;c của C&ocirc;ng an huyện Văn Giang (Hưng Y&ecirc;n) phối hợp với C&ocirc;ng an x&atilde; Cửu Cao kiểm tra khu chung cư thuộc địa phận x&atilde; Cửu Cao ph&aacute;t hiện, bắt quả tang 17 thanh ni&ecirc;n nam, nữ từ 19 đến 34 tuổi, đang tụ tập &quot;bay lắc&quot;, sử dụng tr&aacute;i ph&eacute;p chất ma t&uacute;y.</p>\r\n\r\n<p>Tại hiện trường, lực lượng chức năng thu giữ 3,925g Ketamin; 2,435g MDMA, một đĩa sứ trắng h&igrave;nh bầu dục, một thẻ nhựa cứng m&agrave;u cam, một tờ tiền polymer được cuộn th&agrave;nh ống h&iacute;t v&agrave; một số vật chứng li&ecirc;n quan.</p>\r\n\r\n<p>Qua đấu tranh, N.V.T (sinh năm 1987 ở th&ocirc;n Đồng Chung, x&atilde; Việt Hưng, huyện Văn L&acirc;m), một trong số 17 đối tượng bị bắt giữ đ&atilde; khai nhận số ma t&uacute;y tr&ecirc;n do T. mua về để bản th&acirc;n v&agrave; bạn b&egrave; c&ugrave;ng sử dụng.</p>\r\n\r\n<p>Hiện, lực lượng chức năng đang tiếp tục củng cố hồ sơ để xử l&yacute; c&aacute;c đối tượng vi phạm theo quy định của ph&aacute;p luật.</p>\r\n', 'Nguyễn Dương', '2021-07-15', 5, 'Công an vừa phát hiện 17 thanh niên nam, nữ có độ tuổi từ 19-34 tụ tập ', 'pl3.jpeg'),
(50, 'Nửa đêm, công an phá cửa, bắt ', '<p>Chiều 9/7, C&ocirc;ng an huyện Thăng B&igrave;nh, Quảng Nam th&ocirc;ng tin, đơn vị đang tạm giữ h&igrave;nh sự đối tượng Phan Văn Mỹ (sinh năm 1997, tr&uacute;&nbsp; thị trấn H&agrave; Lam, huyện Thăng B&igrave;nh, Quảng Nam) để tiếp tục điều tra, l&agrave;m r&otilde; h&agrave;nh vi &quot;Cướp t&agrave;i sản&quot; v&agrave; &quot;Cố &yacute; g&acirc;y thương t&iacute;ch&quot;.</p>\r\n\r\n<p style=\"text-align:center\"><img alt=\"Nửa đêm, công an phá cửa, bắt tên cướp xe máy, chém người - 1\" src=\"https://icdn.dantri.com.vn/thumb_w/660/2021/07/09/anh-1625826163240.jpeg\" title=\"Nửa đêm, công an phá cửa, bắt tên cướp xe máy, chém người - 1\" /></p>\r\n\r\n<p>Nhấn để ph&oacute;ng to ảnh</p>\r\n\r\n<p>C&ocirc;ng an huyện Thăng B&igrave;nh l&agrave;m việc với đối tượng Phan Văn Mỹ.</p>\r\n\r\n<p>Theo th&ocirc;ng tin điều tra ban đầu, khoảng 22h ng&agrave;y 8/7, anh V.Đ.H. (SN 2001) điều khiển xe m&aacute;y mang BKS 92H6-5074 lưu th&ocirc;ng tr&ecirc;n Quốc lộ 1A theo hướng TP Đ&agrave; Nẵng đi TP Tam Kỳ, Quảng Nam.</p>\r\n\r\n<p>Khi anh H. lưu th&ocirc;ng đến trước trường THPT Th&aacute;i Phi&ecirc;n (thị trấn H&agrave; Lam) th&igrave; bị một thanh ni&ecirc;n cởi trần, đi bộ, cầm dao tự chế chặn xe đe dọa, cướp phương tiện rồi tẩu tho&aacute;t.</p>\r\n\r\n<p>Tr&ecirc;n đường bỏ chạy, đối tượng cầm dao tự chế ch&eacute;m anh H.Q.P. (SN 2004, tr&uacute; x&atilde; B&igrave;nh T&uacute;, huyện Thăng B&igrave;nh) đang đi tr&ecirc;n đường. Nạn nh&acirc;n bị thương ở tay.</p>\r\n\r\n<p>Ngay sau khi tiếp nhận tin b&aacute;o, l&atilde;nh đạo C&ocirc;ng an huyện Thăng B&igrave;nh đ&atilde; huy động h&agrave;ng chục c&aacute;n bộ tiến h&agrave;nh truy &quot;n&oacute;ng&quot; đối tượng g&acirc;y &aacute;n n&agrave;y. Đến s&aacute;ng nay, lực lượng c&ocirc;ng an x&aacute;c định được thủ phạm ch&iacute;nh l&agrave; Phan Văn Mỹ.</p>\r\n\r\n<p>Thấy lực lượng c&ocirc;ng an, đối tượng Mỹ vứt xe m&aacute;y v&agrave; dao tự chế rồi chạy về nh&agrave; đ&oacute;ng cửa, &ocirc;m kiếm, cố thủ b&ecirc;n trong.</p>\r\n\r\n<p>D&ugrave; được lực lượng c&ocirc;ng an vận động nhưng đối tượng kh&ocirc;ng mở cửa. Trước t&igrave;nh huống n&agrave;y, lực lượng c&ocirc;ng an buộc phải ph&aacute; cửa x&ocirc;ng v&agrave;o khống chế, bắt giữ đối tượng Mỹ.</p>\r\n\r\n<p>Hiện vụ việc đang được C&ocirc;ng an huyện Thăng B&igrave;nh tiếp tục điều tra, xử l&yacute; theo quy định.</p>\r\n', 'Công Bính', '2021-07-15', 5, 'Sau khi dùng dao đe dọa và cướp tài sản, trên đường tẩu thoát, đối tượng còn chém một người khác gây thương tích nặng.', 'pl4.jpeg'),
(52, 'Bắt được nghi phạm sát hại mẹ ', '<p>Chiều 12/7, Thượng t&aacute; Trương Minh Vũ - Trưởng Ph&ograve;ng Cảnh s&aacute;t H&igrave;nh sự, C&ocirc;ng an tỉnh Quảng B&igrave;nh x&aacute;c nhận, đối tượng L&ecirc; Văn Triễn (SN 1988, t&ecirc;n gọi kh&aacute;c l&agrave; Mọ), tr&uacute; x&atilde; Vĩnh Ninh, huyện Quảng Ninh, tỉnh Quảng B&igrave;nh, đ&atilde; bị bắt giữ.</p>\r\n\r\n<p>Triễn l&agrave; đối tượng bị Cơ quan Cảnh s&aacute;t điều tra, C&ocirc;ng an tỉnh Quảng B&igrave;nh khởi tố về h&agrave;nh vi giết người, đồng thời ph&aacute;t lệnh truy n&atilde;, li&ecirc;n quan đến vụ việc mẹ vợ đối tượng n&agrave;y bị s&aacute;t hại ngay tại nh&agrave; ri&ecirc;ng.</p>\r\n\r\n<p style=\"text-align:center\"><img alt=\"Bắt được nghi phạm sát hại mẹ vợ rồi bỏ trốn - 1\" src=\"https://icdn.dantri.com.vn/thumb_w/660/2021/07/12/img3849-1626083496852.jpeg\" title=\"Bắt được nghi phạm sát hại mẹ vợ rồi bỏ trốn - 1\" /></p>\r\n\r\n<p>Nhấn để ph&oacute;ng to ảnh</p>\r\n\r\n<p>Đối tượng Triễn bị bắt giữ sau nhiều ng&agrave;y lẩn trốn.</p>\r\n\r\n<p>Như&nbsp;<em>D&acirc;n tr&iacute;</em>&nbsp;đ&atilde; th&ocirc;ng tin, v&agrave;o s&aacute;ng 6/7, ch&aacute;u họ của b&agrave; H&agrave; Thị Th. (SN 1967) v&agrave; một số h&agrave;ng x&oacute;m đến nh&agrave; b&agrave; Th. tại th&ocirc;n Lệ Kỳ 1, x&atilde; Vĩnh Ninh th&igrave; t&aacute; hỏa ph&aacute;t hiện người phụ nữ n&agrave;y đ&atilde; tử vong sau vườn nh&agrave;.</p>\r\n\r\n<p>Nghi vấn b&agrave; Th. bị s&aacute;t hại, những người ph&aacute;t hiện vụ việc đ&atilde; giữ nguy&ecirc;n hiện trường, lập tức b&aacute;o cho ch&iacute;nh quyền địa phương v&agrave; lực lượng c&ocirc;ng an. Nhận được tin b&aacute;o, cơ quan c&ocirc;ng an cũng đ&atilde; đến kh&aacute;m nghiệm hiện trường, điều tra nguy&ecirc;n nh&acirc;n c&aacute;i chết của b&agrave; Th.</p>\r\n\r\n<p>Qua kh&aacute;m nghiệm hiện trường, tử thi, cơ quan c&ocirc;ng an ph&aacute;t hiện nhiều dấu vết m&aacute;u nhỏ giọt từ hiện trường ra ngo&agrave;i đường khoảng 2 km, nhận định đối tượng g&acirc;y &aacute;n bị thương, chảy m&aacute;u nhiều khi bỏ trốn.</p>\r\n\r\n<p>V&agrave;o cuộc điều tra, cơ quan c&ocirc;ng an x&aacute;c định đối tượng nghi vấn l&agrave; L&ecirc; Văn Triễn (con rể của nạn nh&acirc;n). Triễn từng bị xử phạt h&agrave;nh ch&iacute;nh về h&agrave;nh vi đ&aacute;nh bạc, nghi vấn c&oacute; li&ecirc;n quan đến ma t&uacute;y.</p>\r\n', 'Tiến Thành', '2021-07-15', 5, 'Sau nhiều ngày lẩn trốn, đối tượng sát hại mẹ vợ tại Quảng Bình đã bị lực lượng công an bắt giữ.', 'pl5.jpeg'),
(53, 'Hiệu trưởng một trường THCS bị', '<p style=\"text-align:center\"><img alt=\"Hiệu trưởng một trường THCS bị đối tượng lạ đâm tử vong - 1\" src=\"https://icdn.dantri.com.vn/thumb_w/660/2021/07/09/anh-1625834674438.jpeg\" title=\"Hiệu trưởng một trường THCS bị đối tượng lạ đâm tử vong - 1\" /></p>\r\n\r\n<p>Nhấn để ph&oacute;ng to ảnh</p>\r\n\r\n<p>Nạn nh&acirc;n được người th&acirc;n đưa đi cấp cứu nhưng đ&atilde; tử vong (Ảnh: Ho&agrave;i Sơn).</p>\r\n\r\n<p>Theo th&ocirc;ng tin ban đầu, khoảng 14h15 c&ugrave;ng ng&agrave;y, khi đang ở nh&agrave;, &ocirc;ng Nguyễn Nhất Thống (52 tuổi, tr&uacute; x&atilde; B&igrave;nh Dương, huyện Thăng B&igrave;nh) - hiệu trưởng trường THCS Ho&agrave;ng Diệu ở địa b&agrave;n huyện, bất ngờ bị một đối tượng (chưa r&otilde; lai lịch) d&ugrave;ng hung kh&iacute; (c&oacute; thể l&agrave; dao nhọn) đ&acirc;m trọng thương.</p>\r\n\r\n<p>&Ocirc;ng Thống được người d&acirc;n đưa đi cấp cứu tại bệnh viện. Tuy nhi&ecirc;n, do vết thương qu&aacute; nặng, nạn nh&acirc;n đ&atilde; tử vong.</p>\r\n\r\n<p>Sau khi tiếp nhận th&ocirc;ng tin, C&ocirc;ng an huyện Thăng B&igrave;nh phối hợp với C&ocirc;ng an tỉnh Quảng Nam c&oacute; mặt tại hiện trường để lấy th&ocirc;ng tin, kh&aacute;m nghiệm tử thi, đồng thời tổ chức truy bắt đối tượng g&acirc;y &aacute;n.</p>\r\n\r\n<p>Hiện vụ việc đang được C&ocirc;ng an tỉnh Quảng Nam tiếp tục điều tra l&agrave;m r&otilde;.</p>\r\n', 'Công Bính', '2021-07-15', 5, 'Tối 9/7, lãnh đạo Công an tỉnh Quảng Nam thông tin, hiệu trưởng một trường THCS trên địa bàn xã Bình Dương, huyện Thăng Bình bị một đối tượng lạ đâm tử vong.', 'pl6.jpeg'),
(54, 'Đánh sập đường dây tín dụng đe', '<p>Ph&ograve;ng Cảnh s&aacute;t H&igrave;nh sự - C&ocirc;ng an th&agrave;nh phố H&agrave; Nội vừa bắt giữ Nguyễn Văn Thuận (SN 1987, ở x&atilde; Hữu H&ograve;a, Thanh Tr&igrave;, H&agrave; Nội) c&ugrave;ng một số đối tượng li&ecirc;n quan để điều tra về c&aacute;c h&agrave;nh vi cho vay l&atilde;i nặng trong giao dịch d&acirc;n sự, đ&aacute;nh bạc v&agrave; tổ chức đ&aacute;nh bạc.</p>\r\n\r\n<p style=\"text-align:center\"><img alt=\"Đánh sập đường dây tín dụng đen, cá độ bóng đá khủng ở Hà Nội - 1\" src=\"https://icdn.dantri.com.vn/thumb_w/660/2021/07/14/nguyenvanthuan-1626217158089.jpg\" title=\"Đánh sập đường dây tín dụng đen, cá độ bóng đá khủng ở Hà Nội - 1\" /></p>\r\n\r\n<p>Nhấn để ph&oacute;ng to ảnh</p>\r\n\r\n<p>Đối tượng Nguyễn Văn Thuận (Ảnh: C&ocirc;ng an H&agrave; Nội)</p>\r\n\r\n<p>Theo t&agrave;i liệu điều tra, khoảng th&aacute;ng 12/2020, c&aacute;c trinh s&aacute;t ph&aacute;t hiện tr&ecirc;n địa b&agrave;n huyện Thường T&iacute;n xuất hiện ổ nh&oacute;m tội phạm do đối tượng Nguyễn Văn Thuận (c&ograve;n gọi l&agrave; T&ograve;ng) cầm đầu, tổ chức cho vay tiền với l&atilde;i suất &quot;cắt cổ&quot;. Ngo&agrave;i ra, nh&oacute;m đối tượng n&agrave;y c&ograve;n tổ chức đ&aacute;nh bạc, đ&aacute;nh bạc, l&ocirc; đề, c&aacute; độ b&oacute;ng đ&aacute; tr&ecirc;n mạng. Trung b&igrave;nh mỗi ng&agrave;y, nh&oacute;m n&agrave;y giao dịch khoảng từ 1-2 tỷ đồng.</p>\r\n\r\n<p>Ng&agrave;y 3/7, Ph&ograve;ng Cảnh s&aacute;t H&igrave;nh sự phối hợp với C&ocirc;ng an quận H&agrave; Đ&ocirc;ng đ&atilde; bất ngờ kiểm tra h&agrave;nh ch&iacute;nh khi nh&oacute;m đối tượng đang gặp nhau tại một qu&aacute;n nhậu ở đường Quang Trung (quận H&agrave; Đ&ocirc;ng). Qu&aacute; tr&igrave;nh kiểm tra, lực lượng c&ocirc;ng an đ&atilde; ph&aacute;t hiện v&agrave; thu giữ nhiều điện thoại, tang vật c&oacute; li&ecirc;n quan đến hoạt động đ&aacute;nh bạc, tổ chức đ&aacute;nh bạc, c&aacute; độ b&oacute;ng đ&aacute;, cho vay nặng l&atilde;i&hellip;</p>\r\n\r\n<p>Tại cơ quan c&ocirc;ng an, Nguyễn Văn Thuận khai nhận, năm 2018, Thuận mở một cửa h&agrave;ng cầm đồ ở x&atilde; Duy&ecirc;n Th&aacute;i (huyện Thường T&iacute;n, H&agrave; Nội) với hoạt động ch&iacute;nh l&agrave; dịch vụ hỗ trợ t&agrave;i ch&iacute;nh, cho vay l&atilde;i nặng.</p>\r\n\r\n<p>Đối tượng thu&ecirc; Nguyễn Văn Dũng (SN 1993), Nguyễn Huy H&ugrave;ng (SN 1995, c&ugrave;ng ở Thường T&iacute;n, H&agrave; Nội), &quot;trả lương&quot; 5-10 triệu đồng/th&aacute;ng với nhiệm vụ t&igrave;m kiếm kh&aacute;ch vay tiền v&agrave; thu hồi nợ. Những người đến vay tiền của Nguyễn Văn Thuận đều phải trả mức l&atilde;i suất từ 3.000-5.000 đồng/triệu/ng&agrave;y.</p>\r\n\r\n<p>Ngo&agrave;i ra, nh&oacute;m n&agrave;y c&ograve;n tổ chức đ&aacute;nh bạc theo h&igrave;nh thức l&ocirc; đề, c&aacute; độ b&oacute;ng đ&aacute; với số tiền giao dịch nhiều tỷ đồng. Nguyễn Văn Thuận nhận c&aacute;c t&agrave;i khoản chơi c&aacute; độ b&oacute;ng đ&aacute; v&agrave; chơi số đề của Nguyễn Anh T&uacute; (SN 1991, ở quận Hai B&agrave; Trưng, H&agrave; Nội).</p>\r\n\r\n<p>Ngo&agrave;i việc giao t&agrave;i khoản c&aacute; độ b&oacute;ng đ&aacute; v&agrave; chơi số đề cho Nguyễn Văn Thuận, Nguyễn Anh T&uacute; c&ograve;n giao trang c&aacute; độ b&oacute;ng đ&aacute; cho B&ugrave;i Việt Dũng (SN 1971, ở phường Ngọc Kh&aacute;nh, Ba Đ&igrave;nh, H&agrave; Nội) để tổ chức đ&aacute;nh bạc. T&uacute; cũng thu&ecirc; v&agrave; trả lương cho một đối tượng kh&aacute;c để thực hiện việc thanh to&aacute;n tiền thắng, thua với Nguyễn Văn Thuận, B&ugrave;i Việt Dũng, cũng như những người chơi bạc.</p>\r\n\r\n<p>Trung b&igrave;nh mỗi ng&agrave;y, c&aacute;c đối tượng tổ chức đ&aacute;nh bạc với số tiền từ 1 tỷ đồng đến 2 tỷ đồng. Bước đầu, cảnh s&aacute;t x&aacute;c định lượng tiền đ&aacute;nh bạc, tổ chức đ&aacute;nh bạc của ổ nh&oacute;m tr&ecirc;n mỗi th&aacute;ng từ 30-60 tỷ đồng.</p>\r\n\r\n<p>Vụ &aacute;n đang tiếp tục được lực lượng chức năng mở rộng điều tra.</p>\r\n', 'Phúc Lâm', '2021-07-15', 5, 'Nguyễn Văn Thuận quy tụ hàng chục đàn em, trả lương hàng tháng để phục vụ việc thu hồi nợ, đánh bạc, tổ chức đánh bạc và cá độ…', 'pl7.jpeg'),
(55, 'Phá đường dây cá độ bóng đá qu', '<p>Ng&agrave;y 11/7, C&ocirc;ng an tỉnh B&igrave;nh Định cho biết, đang củng cố hồ sơ để xử l&yacute; một số đối tượng li&ecirc;n quan đến đường d&acirc;y đ&aacute;nh bạc v&agrave; tổ chức đ&aacute;nh bạc dưới h&igrave;nh thức c&aacute; độ b&oacute;ng đ&aacute; tr&ecirc;n mạng internet th&ocirc;ng qua trang web http://agbong.88.XX, với quy m&ocirc; lớn, gần 400 tỷ đồng.</p>\r\n\r\n<p style=\"text-align:center\"><img alt=\"Phá đường dây cá độ bóng đá qua mạng, tiền cá cược gần 400 tỷ đồng - 1\" src=\"https://icdn.dantri.com.vn/thumb_w/660/2021/07/11/11-1625973170226.jpeg\" title=\"Phá đường dây cá độ bóng đá qua mạng, tiền cá cược gần 400 tỷ đồng - 1\" /></p>\r\n\r\n<p>Nhấn để ph&oacute;ng to ảnh</p>\r\n\r\n<p>Theo điều tra ban đầu, lực lượng chức năng x&aacute;c định đối tượng V&otilde; Văn Cường l&agrave; người cầm đầu đường d&acirc;y c&aacute; độ (Ảnh: Đ.A).</p>\r\n\r\n<p>Hiện Cơ quan CSĐT- C&ocirc;ng an tỉnh B&igrave;nh Định đ&atilde; ra lệnh giữ người trong trường hợp khẩn cấp đối với V&otilde; Văn Cương (42 tuổi, ở TP Quy Nhơn) v&agrave; 17 đối tượng về h&agrave;nh vi &quot;Tổ chức đ&aacute;nh bạc&quot;, &quot;Đ&aacute;nh bạc&quot; để tiếp tục điều tra l&agrave;m r&otilde; v&agrave; xử l&yacute; theo quy định ph&aacute;p luật.</p>\r\n\r\n<p>Trước đ&oacute;, tối 5/7, c&aacute;c mũi trinh s&aacute;t với h&agrave;ng trăm c&aacute;n bộ, chiến sĩ thuộc Cục Cảnh s&aacute;t h&igrave;nh sự, Bộ C&ocirc;ng an; Trung Đo&agrave;n Cảnh s&aacute;t cơ động Nam Trung Bộ v&agrave; c&aacute;c đơn vị nghiệp vụ của C&ocirc;ng an tỉnh B&igrave;nh Định, đồng loạt kh&aacute;m x&eacute;t khẩn cấp tại 24 điểm.</p>\r\n\r\n<p>Qua kh&aacute;m x&eacute;t, lực lượng C&ocirc;ng an đ&atilde; tạm giữ 6 &ocirc; t&ocirc;, hơn 1,2 tỷ đồng, 2 CPU m&aacute;y t&iacute;nh, 2 m&aacute;y t&iacute;nh x&aacute;ch tay, 45 điện thoại di động c&aacute;c loại, 5 thẻ ATM v&agrave; một số sổ s&aacute;ch, đồ vật, t&agrave;i liệu, giấy tờ kh&aacute;c c&oacute; li&ecirc;n quan đến h&agrave;nh vi &quot;Tổ chức đ&aacute;nh bạc&quot;, &quot;Đ&aacute;nh bạc&quot; của Cương c&ugrave;ng đồng bọn.</p>\r\n\r\n<p>Theo kết quả điều tra ban đầu cho thấy, đầu năm 2020, Cương c&ugrave;ng một số đối tượng kh&aacute;c nhận c&aacute;c t&agrave;i khoản si&ecirc;u tổng đại l&yacute; (Super Master) DU85, DU86, DU81 v&agrave; DU79, DUF9.</p>\r\n\r\n<p>Sau đ&oacute;, những đối tượng n&agrave;y c&ugrave;ng với c&aacute;c đối tượng tổ chức đ&aacute;nh bạc tr&ecirc;n c&aacute;c t&agrave;i khoản n&agrave;y bằng c&aacute;ch chia nhỏ t&agrave;i khoản rồi cấp cho c&aacute;c &quot;con bạc&quot; c&oacute; nhu cầu.</p>\r\n\r\n<p>C&aacute;c con bạc thực hiện việc c&aacute; độ bằng c&aacute;ch sử dụng c&aacute;c thiết bị điện tử c&oacute; kết nối internet truy cập v&agrave;o t&agrave;i khoản c&aacute;c cấp c&oacute; mật khẩu để tham gia đặt cược theo tỷ lệ c&aacute; cược tr&ecirc;n trang mạng.</p>\r\n\r\n<p>Theo quy định, số tiền quy đổi theo điểm tương ứng với số tiền Việt Nam đồng đối với từng t&agrave;i khoản.</p>\r\n\r\n<p>Cục Cảnh s&aacute;t h&igrave;nh sự x&aacute;c định, h&igrave;nh thức c&aacute; độ căn cứ kết quả trận đấu b&oacute;ng đ&aacute; tại giải đấu giữa c&aacute;c đội tuyển quốc gia, giữa c&aacute;c CLB của c&aacute;c nước tr&ecirc;n thế giới. Chủ yếu l&agrave; c&aacute;c giải ngoại hạng Anh, Ph&aacute;p, T&acirc;y Ban Nha, Đức, EURO.</p>\r\n\r\n<p>Căn cứ v&agrave;o kết quả điều tra, từ th&aacute;ng 8/2020-7/2021, tổng số tiền c&aacute;c đối tượng đ&atilde; tổ chức đ&aacute;nh bạc v&agrave; đ&aacute;nh bạc l&ecirc;n đến 78 triệu điểm c&aacute; cược v&agrave; tổng tiền của c&aacute;c cuộc &quot;đỏ đen&quot; n&agrave;y l&ecirc;n đến gần 400 tỷ đồng.&nbsp;&nbsp;&nbsp;&nbsp;&nbsp;</p>\r\n\r\n<p>Hiện Cơ quan CSĐT, C&ocirc;ng an tỉnh B&igrave;nh Định đang tạm giữ 18 đối tượng để tiếp tục điều tra, l&agrave;m r&otilde; vụ việc.</p>\r\n', 'Doãn Công', '2021-07-15', 5, 'Cục Cảnh sát hình sự - Bộ Công an vừa phối hợp với các đơn vị nghiệp vụ và Công an tỉnh Bình Định triệt phá đường dây cá độ bóng đá quy mô lớn gần 400 tỷ đồng, tạm giữ 18 đối tượng.', 'pl8.jpeg'),
(56, 'Công an Bắc Ninh đánh sập đườn', '<p style=\"text-align:center\"><img alt=\"Công an Bắc Ninh đánh sập đường dây cá độ bóng đá qua mạng hơn 60 tỷ đồng - 1\" src=\"https://icdn.dantri.com.vn/thumb_w/660/2021/07/12/20210712210317-crop-1626099974353.jpeg\" title=\"Công an Bắc Ninh đánh sập đường dây cá độ bóng đá qua mạng hơn 60 tỷ đồng - 1\" /></p>\r\n\r\n<p>Nhấn để ph&oacute;ng to ảnh</p>\r\n\r\n<p>C&aacute;c đối tượng trong đường d&acirc;y tổ chức đ&aacute;nh bạc v&agrave; đ&aacute;nh bạc dưới h&igrave;nh thức c&aacute; độ b&oacute;ng đ&aacute; qua mạng.</p>\r\n\r\n<p>Qua c&ocirc;ng t&aacute;c trinh s&aacute;t, nắm bắt t&igrave;nh h&igrave;nh, ng&agrave;y 11/7, ph&ograve;ng Cảnh s&aacute;t h&igrave;nh sự C&ocirc;ng an tỉnh Bắc Ninh chủ tr&igrave; phối hợp ph&ograve;ng Kỹ thuật nghiệp vụ v&agrave; C&ocirc;ng an huyện Thuận Th&agrave;nh ra quyết định tạm giữ h&igrave;nh sự 8 đối tượng về h&agrave;nh vi tổ chức đ&aacute;nh bạc v&agrave; đ&aacute;nh bạc dưới h&igrave;nh thức c&aacute; độ b&oacute;ng đ&aacute; qua mạng internet.</p>\r\n\r\n<p>Qua điều tra, cơ quan c&ocirc;ng an l&agrave;m r&otilde;, cầm đầu ổ nh&oacute;m đ&aacute;nh bạc qua mạng n&agrave;y l&agrave; Tạ Quang H&agrave;o (25 tuổi) v&agrave; Nguyễn Văn Giang (33 tuổi), c&ugrave;ng ở x&atilde; Gia Đ&ocirc;ng, huyện Thuận Th&agrave;nh, tỉnh Bắc Ninh.</p>\r\n\r\n<p>Lợi dụng giải b&oacute;ng đ&aacute; Euro 2021, H&agrave;o đ&atilde; mua t&agrave;i khoản tổng c&aacute; độ b&oacute;ng đ&aacute; c&oacute; t&ecirc;n SCKP04, SCKP06 v&agrave; SCKP07 để v&agrave;o trang Wabi88.xxx tổ chức c&aacute; độ b&oacute;ng đ&aacute;. Từ 3 trang b&oacute;ng n&agrave;y, H&agrave;o tiếp tục chia th&agrave;nh nhiều t&agrave;i khoản kh&aacute;c để b&aacute;n cho c&aacute;c đối tượng c&aacute; độ.</p>\r\n\r\n<p>Bước đầu, Ph&ograve;ng Cảnh s&aacute;t h&igrave;nh sự C&ocirc;ng an tỉnh Bắc Ninh x&aacute;c định trong khoảng thời gian từ 12/6 đến 10/7, c&aacute;c đối tượng đ&atilde; tham gia c&aacute; độ b&oacute;ng đ&aacute; với số tiền giao dịch tr&ecirc;n 60 tỷ đồng. Cơ quan C&ocirc;ng an đ&atilde; thu giữ tang vật vụ &aacute;n gồm một xe &ocirc; t&ocirc;, 6 điện thoại di động v&agrave; 20 triệu đồng.</p>\r\n\r\n<p>Ph&ograve;ng Cảnh s&aacute;t h&igrave;nh sự C&ocirc;ng an tỉnh Bắc Ninh đang tiếp tục điều tra mở rộng vụ &aacute;n.</p>\r\n', 'Bá Đoàn', '2021-07-15', 5, 'Chưa đầy một tháng, đường dây cá độ bóng đá qua mạng do Tạ Quang Hào cầm đầu đã giao dịch hơn 60 tỷ đồng.', 'pl9.jpeg'),
(57, 'EURO và Copa America kết thúc:', '<p>MU thất bại dưới tay&nbsp;Villarreal ở chung kết Europa League sau một m&agrave;n lu&acirc;n lưu &quot;kinh dị&quot;, để rồi ch&iacute;nh thức kết th&uacute;c m&ugrave;a giải 2020/21 với thảm cảnh trắng tay. V&agrave; bởi vậy, Europa League 2016/17 l&agrave; lần gần nhất MU c&oacute; được một danh hiệu. Một khoảng thời gian d&agrave;i đằng đẵng với biết bao lần chờ đợi v&agrave; bấy nhi&ecirc;u lần&nbsp;thất vọng của &quot;Quỷ đỏ&quot;.</p>\r\n\r\n<p>&nbsp;</p>\r\n\r\n<p style=\"text-align:center\"><img alt=\"EURO và Copa America kết thúc: Người MU khốn khổ, không ai có danh hiệu - 1\" src=\"https://cdn.24h.com.vn/upload/3-2021/images/2021-07-13/EURO-va-Copa-America-ket-thuc-Nguoi-MU-khon-kho-khong-ai-co-danh-hieu-0_js239395233-1626172220-617-width660height476.jpg\" /></p>\r\n\r\n<p>&nbsp;</p>\r\n\r\n<p>Shaw v&agrave; Maguire thất vọng trong việc gi&agrave;nh một danh hiệu lớn</p>\r\n\r\n<p>Nhiều cầu thủ MU l&ecirc;n tham dự đợt tập trung ĐTQG h&egrave; n&agrave;y với hy vọng sẽ qu&ecirc;n đi nỗi thất bại ở m&ugrave;a giải 2020/21. Tại&nbsp;<a href=\"https://www.24h.com.vn/euro-2021-c955.html\" title=\"EURO 2020\">EURO 2020</a>, c&oacute; cả thảy 10 cầu thủ thuộc &quot;nh&acirc;n tố M&quot; kho&aacute;c &aacute;o c&aacute;c ĐTQG. C&ograve;n ở Copa America 2021, tầm ảnh hưởng của đội chủ s&acirc;n Old Trafford thấp hơn nhiều, với chỉ 2 cầu thủ. V&agrave; điều đ&aacute;ng tiếc l&agrave; to&agrave;n bộ 12 cầu thủ MU tham dự 2 giải đấu lớn kể tr&ecirc;n, kh&ocirc;ng c&oacute; ai gi&agrave;nh được chức v&ocirc; địch.</p>\r\n\r\n<p>Nếu x&eacute;t yếu tố CLB, MU l&agrave; đội c&oacute; số lượng cầu thủ dự&nbsp;<a href=\"https://www.24h.com.vn/euro-2021-c955.html\" title=\"vòng chung kết EURO\">v&ograve;ng chung kết EURO</a>&nbsp;2020 nhiều thứ năm tại ch&acirc;u &Acirc;u, chỉ k&eacute;m Chelsea (15), Man City v&agrave; Bayern Munich (c&ugrave;ng 14), Juventus (12) v&agrave; Dynamo Kiev (11). Ngo&agrave;i ra, một số đội b&oacute;ng như Dortmund hay Monchengladbach cũng c&oacute; 10 cầu thủ tham dự giải đấu như &ldquo;Quỷ đỏ&rdquo;.</p>\r\n\r\n<p>Ở chung kết EURO 2020 giữa Anh v&agrave; Italia, Luke Shaw đ&atilde; chơi tuyệt hay. Hậu vệ tr&aacute;i của ĐT Anh mở tỷ số ngay ph&uacute;t thứ 2 với c&uacute; đ&aacute; đẳng cấp. Đ&acirc;y l&agrave; một giải đấu m&agrave; Shaw nổi bật trong vị tr&iacute; của m&igrave;nh. Tương tự, Harry Maguire cũng c&oacute; một giải đấu th&agrave;nh c&ocirc;ng tr&ecirc;n g&oacute;c độ c&aacute; nh&acirc;n, lọt v&agrave;o đội h&igrave;nh ti&ecirc;u biểu của UEFA.</p>\r\n\r\n<p>Tuy vậy, sau c&ugrave;ng c&aacute;c cầu thủ MU lại kh&ocirc;ng thể gi&uacute;p ĐT Anh gi&agrave;nh chức v&ocirc; địch EURO. Đ&atilde; thế, Marcus Rashford lại c&ograve;n đ&aacute; hỏng quả penalty quan trọng của &quot;Tam sư&quot; trong loạt lu&acirc;n lưu c&acirc;n n&atilde;o, trở th&agrave;nh một phần t&aacute;c nh&acirc;n khiến đội b&oacute;ng n&agrave;y thua trận.</p>\r\n\r\n<p>Trong khi đ&oacute;, ở b&ecirc;n thắng cuộc Italia, MU kh&ocirc;ng đ&oacute;ng g&oacute;p bất cứ cầu thủ n&agrave;o, thay v&agrave;o đ&oacute; l&agrave; 2 cầu thủ Chelsea. Hiện Jorginho với việc gi&agrave;nh chức v&ocirc; địch Champions League cấp độ CLB cũng như v&ocirc; địch EURO 2020 với ĐT Italia, hiện đang l&agrave; một trong những ứng vi&ecirc;n gi&agrave;nh Quả b&oacute;ng v&agrave;ng.</p>\r\n\r\n<p>6 đội tuyển kh&aacute;c c&oacute; sự g&oacute;p mặt của cầu thủ MU cũng kh&ocirc;ng gặt h&aacute;i th&agrave;nh c&ocirc;ng ở EURO 2020. Trong đ&oacute;, Paul Pogba của ĐT Ph&aacute;p được kỳ vọng hơn cả, thi đấu kh&ocirc;ng hề tệ nhưng rồi vẫn trở th&agrave;nh mục ti&ecirc;u bị chỉ tr&iacute;ch sau khi nh&agrave; v&ocirc; địch World Cup 2018 bị loại ngay sau&nbsp;<a href=\"https://www.24h.com.vn/euro-2021-c955.html\" title=\"vòng 1/8\">v&ograve;ng 1/8</a>. L&yacute; do bởi ch&iacute;nh Pogba l&agrave; người mất b&oacute;ng dẫn đến b&agrave;n thua ph&uacute;t 90 của ĐT Ph&aacute;p, mở ra thất bại cay đắng trong loạt đ&aacute; penalty.</p>\r\n\r\n<p>Ở Nam Mỹ, 2 cầu thủ MU thi đấu tại Copa America 2021 l&agrave; Fred (ĐT Brazil) v&agrave; Edinson Cavani (ĐT Uruguay). Giải n&agrave;y, Cavani chơi kh&ocirc;ng tệ khi đ&oacute;ng g&oacute;p 2 b&agrave;n thắng, l&agrave; ch&acirc;n s&uacute;t tốt nhất của Uruguay. Tuy nhi&ecirc;n, đ&acirc;y l&agrave; giai đoạn b&oacute;ng đ&aacute; Uruguay tho&aacute;i tr&agrave;o n&ecirc;n một m&igrave;nh l&atilde;o tướng n&agrave;y l&agrave; kh&ocirc;ng đủ để gi&uacute;p ĐTQG gi&agrave;nh chức v&ocirc; địch Copa America 2021.</p>\r\n\r\n<p style=\"text-align:center\"><img alt=\"EURO và Copa America kết thúc: Người MU khốn khổ, không ai có danh hiệu - 3\" src=\"https://cdn.24h.com.vn/upload/3-2021/images/2021-07-13/EURO-va-Copa-America-ket-thuc-Nguoi-MU-khon-kho-khong-ai-co-danh-hieu-post-image-1-scaled-1626172220-659-width660height440.jpg\" /></p>\r\n\r\n<p>Fred cũng kh&ocirc;ng thể ph&aacute; dớp trắng tay cho c&aacute;c cầu thủ MU</p>\r\n\r\n<p>Người c&oacute; cơ hội s&aacute;ng sủa nhất l&agrave; Fred. Tiếc rằng ĐT&nbsp;Brazil cũng thua nốt Argentina ở chung kết, trong đ&oacute; c&aacute; nh&acirc;n Fred nhận thẻ v&agrave;ng ngay từ ph&uacute;t thứ 3. D&ugrave; kh&ocirc;ng phải chịu những chỉ tr&iacute;ch như nhiều đồng đội kho&aacute;c &aacute;o ĐT Anh nhưng như vậy cũng c&oacute; nghĩa, Fred kh&ocirc;ng thể gi&uacute;p c&aacute;c &quot;nh&acirc;n tố MU&quot; ph&aacute; dớp trắng tay ở m&ugrave;a giải 2020/21.</p>\r\n', 'Uyên vũ', '2021-07-15', 1, 'MU kết thúc hành trình 2020/21 với việc tiếp tục trắng tay trên mọi mặt trận. Như một sự \"ám quẻ\" của \"Quỷ đỏ\", các cầu thủ của đội bóng này khi lên tuyển quốc gia cũng không ai giành được danh hiệu.', 'thethao2.png'),
(58, 'MU báo tin vui đạt thỏa thuận ', '<p>MU c&oacute; lẽ l&agrave; đội b&oacute;ng Anh hoạt động t&iacute;ch cực nhất trong phi&ecirc;n chợ h&egrave; 2021, t&iacute;nh đến thời điểm hiện tại. Trước v&agrave; trong thời điểm&nbsp;<a href=\"https://www.24h.com.vn/euro-2021-c955.html\" title=\"EURO 2020\">EURO 2020</a>&nbsp;khởi tranh, đội chủ s&acirc;n&nbsp;<a href=\"https://www.24h.com.vn/manchester-united-c48e1521.html\" title=\"Old Trafford\">Old Trafford</a>&nbsp;đ&atilde; kịp đạt thỏa thuận với CLB Dortmund trong thương vụ Jadon Sancho.</p>\r\n\r\n<p>&nbsp;</p>\r\n\r\n<p style=\"text-align:center\"><img alt=\"MU báo tin vui đạt thỏa thuận sơ bộ với &amp;#34;bom tấn&amp;#34; Varane sau EURO 2020 - 1\" src=\"https://cdn.24h.com.vn/upload/3-2021/images/2021-07-13/EURO-2020-ket-thuc-MU-bao-tin-vui-dat-thoa-thuan-so-bo-voi-xac-nhan-man-utd-con-1-rao-can-trong-thuong-vu-var-1626143525-510-width660height371.jpg\" /></p>\r\n\r\n<p>&nbsp;</p>\r\n\r\n<p>MU dường như đ&atilde; đạt thỏa thuận sơ bộ với Varane</p>\r\n\r\n<p>Chưa dừng lại tại đ&oacute;. M&ugrave;a giải 2020/21, &quot;Quỷ đỏ&quot; trắng tay, k&eacute;o d&agrave;i số năm kh&ocirc;ng danh hiệu l&ecirc;n con số 3 cũng l&agrave; động lực để giới chủ&nbsp;<a href=\"https://www.24h.com.vn/manchester-united-c48e1521.html\" title=\"MU\">MU</a>&nbsp;phải bạo chi, sau khi họ chịu sức &eacute;p qu&aacute; lớn từ người h&acirc;m mộ sau vụ tham dự Super League. Cũng v&igrave; vụ việc n&agrave;y, Ph&oacute; chủ tịch Ed Woodward sẽ phải rời vị tr&iacute; người điều h&agrave;nh ở s&acirc;n Old Trafford v&agrave;o cuối năm nay. Một kỳ mua sắm tưng bừng c&oacute; thể l&agrave; lời ch&agrave;o tạm biệt của vị CEO n&agrave;y.</p>\r\n\r\n<p>Theo tờ Manchester Evening News, sau khi ho&agrave;n tất thương vụ &quot;bom tấn&quot; Jadon Sancho, MU đang tập trung cho kế hoạch n&acirc;ng cấp h&agrave;ng ph&ograve;ng ngự. V&agrave; c&ocirc;ng cuộc của người Manchester c&oacute; vẻ như sắp sửa thu tr&aacute;i ngọt thứ hai, sau khi họ tiến nhanh trong thương vụ chi&ecirc;u mộ trung vệ Raphael Varane.</p>\r\n\r\n<p>Ng&ocirc;i sao người Ph&aacute;p l&agrave; c&aacute;i t&ecirc;n được c&aacute;c tuyển tr&aacute;ch vi&ecirc;n MU để &yacute; từ l&acirc;u. D&ugrave; vậy, phải đến hiện tại, khi hợp đồng của Varane tại Real chỉ c&ograve;n 1 năm, &quot;Quỷ đỏ&quot; mới c&oacute; cơ hội thực sự r&otilde; r&agrave;ng để l&ecirc;n phương &aacute;n chi&ecirc;u mộ anh. Bản th&acirc;n nh&agrave; v&ocirc; địch World Cup 2018 cũng kh&ocirc;ng giấu giếm &yacute; định t&igrave;m cho m&igrave;nh một bến đỗ mới, sau khi đ&atilde; chinh phục những danh hiệu lớn nhất c&ugrave;ng đội b&oacute;ng Ho&agrave;ng gia T&acirc;y Ban Nha.</p>\r\n\r\n<p>Nguồn tin n&agrave;y nhận định, c&oacute; vẻ như cựu cầu thủ Lens đ&atilde; đạt thỏa thuận gia nhập h&agrave;ng ngũ &quot;Quỷ đỏ&quot; trong một bản hợp đồng c&oacute; thời hạn 5 năm. Th&ocirc;ng tin n&agrave;y c&agrave;ng trở n&ecirc;n đ&aacute;ng tin cậy hơn khi Varane n&oacute;i với ban l&atilde;nh đạo MU rằng anh sẽ chuyển đến đ&acirc;y thi đấu, theo tờ Sport của T&acirc;y Ban Nha.</p>\r\n\r\n<p style=\"text-align:center\"><img alt=\"MU báo tin vui đạt thỏa thuận sơ bộ với &amp;#34;bom tấn&amp;#34; Varane sau EURO 2020 - 3\" src=\"https://cdn.24h.com.vn/upload/3-2021/images/2021-07-13/EURO-2020-ket-thuc-MU-bao-tin-vui-dat-thoa-thuan-so-bo-voi-222-2257-1626143525-355-width660height396.jpg\" /></p>\r\n\r\n<p>Nếu c&oacute; Varane s&aacute;t c&aacute;nh với Maguire, MU hứa hẹn sẽ chắc chắn hơn</p>\r\n\r\n<p>Nếu th&ocirc;ng tin n&agrave;y được x&aacute;c thực, phần việc c&ograve;n lại của MU sẽ dễ d&agrave;ng hơn rất nhiều. Khi đ&oacute;, &quot;Quỷ đỏ&quot; chỉ cần thuyết phục Real nhả người, gần như chắc chắn họ sẽ sở hữu trung vệ đẳng cấp sinh năm 1993. Hiện tại Chủ tịch Florentino Perez của Real Madrid muốn thu về khoảng 45 triệu euro, song c&oacute; tin họ cũng c&oacute; chấp thuận mức gi&aacute; 39 triệu euro.</p>\r\n\r\n<p>Vẫn theo Sport, ngay trong tuần n&agrave;y c&aacute;c quan chức MU sẽ ngồi v&agrave;o b&agrave;n đ&agrave;m ph&aacute;n với Real Madrid để thương thảo về mức ph&iacute; chuyển nhượng. Nếu chi&ecirc;u mộ th&agrave;nh c&ocirc;ng Raphael Varane, HLV Ole Gunnar Solskjaer c&oacute; thể tự tin sẽ c&oacute; được đối t&aacute;c l&yacute; tưởng đ&aacute; cặp c&ugrave;ng Harry Maguire ở trung t&acirc;m h&agrave;ng ph&ograve;ng ngự, thay v&igrave; một Victor Lindelof hiếm khi mang đến sự tin tưởng tuyệt đối.</p>\r\n', 'Uyên Vũ', '2021-07-15', 1, 'Sau khi sớm hoàn tất quá trình đàm phán với Dortmund trong thương vụ Jadon Sancho, MU tiếp tục hoạt động mạnh mẽ trên thị trường chuyển nhượng. Đội bóng thành Manchester được cho là tiến sát đến bản hợp đồng thứ hai Raphael Varane.', 'thethao3.png'),
(59, 'MU - Man City ghi dấu ấn EURO ', '<p>EURO 2020 d&ugrave; mới đi đến v&ograve;ng b&aacute;n kết nhưng chắc chắn l&agrave; một giải đấu đ&aacute;ng nhớ của ĐT Anh. Hiếm khi n&agrave;o &quot;Tam sư&quot; lại c&oacute; t&acirc;m thế tốt như ở thời điểm hiện tại, khi đ&atilde; tiến đến b&aacute;n kết của giải đấu. V&agrave; giờ đ&acirc;y, niềm tin về chức v&ocirc; địch EURO với người h&acirc;m mộ xứ sở sương m&ugrave; cao hơn bao giờ hết.</p>\r\n\r\n<p>&nbsp;</p>\r\n\r\n<p style=\"text-align:center\"><img alt=\"MU - Man City ghi dấu ấn EURO 2020: ĐT Anh bay cao nhờ bộ tứ siêu hậu vệ - 1\" src=\"https://cdn.24h.com.vn/upload/3-2021/images/2021-07-05/MU---Man-City-ghi-dau-an-EURO-2020-dT-Anh-bay-cao-nho-bo-tu-hau-ve-sieu-pham-e5eggnhxoagjh4s-1625500963-301-width660height660.jpg\" /></p>\r\n\r\n<p>&nbsp;</p>\r\n\r\n<p>Bộ tứ hậu vệ của ĐT Anh ghi dấu ấn th&agrave;nh Manchester</p>\r\n\r\n<p>Điểm nổi bật nhất ở ĐT Anh tại&nbsp;<a href=\"https://www.24h.com.vn/euro-2021-c955.html\" title=\"EURO 2020\">EURO 2020</a>, đ&oacute; ch&iacute;nh l&agrave; sự chắc chắn trong kh&acirc;u ph&ograve;ng ngự. Đ&atilde; trải qua 5 trận đấu nhưng khung th&agrave;nh của Jordan Pickford vẫn chưa phải nhận bất cứ b&agrave;n thua n&agrave;o. Đ&acirc;y l&agrave; đội b&oacute;ng duy nhất của giải đấu năm nay đi đến v&ograve;ng b&aacute;n kết m&agrave; vẫn giữ sạch lưới.</p>\r\n\r\n<p>V&agrave; những người đ&oacute;ng vai tr&ograve; nền tảng cho th&agrave;nh c&ocirc;ng của ĐT Anh l&agrave; bộ tứ hậu vệ&nbsp;Harry Maguire, John Stones, Luke Shaw v&agrave; Kyle Walker. Cả 4 cầu thủ n&agrave;y đều lọt top c&aacute;c cầu thủ ra s&acirc;n nhiều nhất trong đội h&igrave;nh ĐT Anh ở EURO. Stones đang l&agrave; cầu thủ ra s&acirc;n nhiều thứ hai trong đội h&igrave;nh &quot;Tam sư&quot; với 439 ph&uacute;t, chỉ k&eacute;m mỗi thủ m&ocirc;n Jordan Pickford - người đ&atilde; chơi trọn vẹn 450 ph&uacute;t.</p>\r\n\r\n<p>Ba cầu thủ Maguire, Shaw v&agrave; Walker cũng được HLV Gareth Southgate sử dụng thường xuy&ecirc;n. Shaw ra s&acirc;n 335 ph&uacute;t, Maguire 270 ph&uacute;t v&agrave; Walker 360 ph&uacute;t t&iacute;nh từ đầu giải. Với ri&ecirc;ng Maguire, m&agrave;n trở lại sau chấn thương của cầu thủ n&agrave;y cực kỳ ấn tượng v&agrave; Maguire đ&aacute; trọn vẹn 3 trận gần nhất với CH S&eacute;c, Đức v&agrave; Ukraine, thậm ch&iacute; c&ograve;n ghi b&agrave;n quan trọng ở trận tứ kết mới đ&acirc;y.</p>\r\n\r\n<p>Với sự xuất sắc ấy, kh&ocirc;ng ngạc nhi&ecirc;n khi c&aacute;c hậu vệ ĐT Anh đang &quot;chiếm s&oacute;ng&quot; trong đội h&igrave;nh ti&ecirc;u biểu EURO 2020 của trang thống k&ecirc; uy t&iacute;n Whoscored. Trong đội h&igrave;nh xuất sắc nhất EURO 2020, 3 trong 4 vị tr&iacute; ở h&agrave;ng hậu vệ thuộc về Harry Maguire, John Stones v&agrave; Luke Shaw. Vị tr&iacute; hậu vệ c&aacute;nh phải thuộc về Coufal của CH S&eacute;c.</p>\r\n\r\n<p style=\"text-align:center\"><img alt=\"MU - Man City ghi dấu ấn EURO 2020: ĐT Anh bay cao nhờ bộ tứ siêu hậu vệ - 3\" src=\"https://cdn.24h.com.vn/upload/3-2021/images/2021-07-05/MU---Man-City-ghi-dau-an-EURO-2020-dT-Anh-bay-cao-nho-bo-tu-hau-ve-sieu-phamindexphp-sei_85844409-960x640-1625501192-355-width660height440.jpg\" /></p>\r\n\r\n<p>Shaw v&agrave; Maguire th&agrave;nh c&ocirc;ng trong cả kh&acirc;u tham gia tấn c&ocirc;ng</p>\r\n\r\n<p>Bộ tứ hậu vệ thuộc bi&ecirc;n chế hai đội b&oacute;ng lớn th&agrave;nh Manchester đ&atilde; g&oacute;p c&ocirc;ng lớn cho th&agrave;nh quả hiện tại.&nbsp;Tất nhi&ecirc;n&nbsp;kh&ocirc;ng thể phủ nhận vai tr&ograve;, tầm ảnh hưởng của c&aacute;c tiền vệ đ&aacute;nh chặn l&agrave; Declan Rice hay Kalvin Phillips lẫn&nbsp;phong độ ch&oacute;i s&aacute;ng của thủ m&ocirc;n Jordan Pickford.&nbsp;</p>\r\n\r\n<p>Ngo&agrave;i ph&ograve;ng ngự giỏi, c&aacute;c hậu vệ của ĐT Anh c&ograve;n tham gia tấn c&ocirc;ng rất cừ. Trong số n&agrave;y, 2 cầu thủ của&nbsp;<a href=\"https://www.24h.com.vn/manchester-united-c48e1521.html\" title=\"MU\">MU</a>&nbsp;l&agrave; những người nổi bật hơn so với đồng đội đến từ&nbsp;<a href=\"https://www.24h.com.vn/manchester-city-c48e4403.html\" title=\"Man City\">Man City</a>. Cho đến nay, Shaw đ&atilde; c&oacute; 3 đường kiến tạo sau 4 trận. Thống k&ecirc; n&agrave;y c&ograve;n ấn tượng hơn số pha kiến tạo của Zinedine Zidane trong 14 lần ra s&acirc;n tại EURO. Trong khi đ&oacute;, Maguire cũng để lại dấu ấn ở trận thắng Ukraine, với t&igrave;nh huống kh&ocirc;ng chiến cực kỳ dũng m&atilde;nh ghi b&agrave;n.</p>\r\n', 'Uyên vũ', '2021-07-15', 1, 'Thành Manchester luôn có vai trò lớn trong thành phần ĐT Anh tại các giải đấu lớn. Lần này, bộ tứ hậu vệ trong đội hình chính của \"Tam sư\" đều xuất phát từ hai đội bóng MU - Man City và họ đóng vai trò nền tảng trong thành công của ĐT Anh tính đến thời điểm này của EURO 2020.', 'thethao4.png'),
(60, 'Chelsea học MU ép giá Dortmund', '<p>Chelsea đang đặt mục ti&ecirc;u chi&ecirc;u mộ tiền đạo&nbsp;Erling Haaland của Borussia Dortmund trong m&ugrave;a h&egrave; năm nay. Đ&acirc;y l&agrave; nhiệm vụ h&agrave;ng đầu m&agrave; &quot;The Blues&quot; đặt ra, bởi vậy, họ đang rất rốt r&aacute;o trong những lời đề nghị của m&igrave;nh.</p>\r\n\r\n<p>&nbsp;</p>\r\n\r\n<p style=\"text-align:center\"><img alt=\"Chelsea học MU ép giá Dortmund: &amp;#34;Bom tấn&amp;#34; Haaland gây bão Ngoại hạng Anh - 1\" src=\"https://cdn.24h.com.vn/upload/3-2021/images/2021-07-04/chelsea-1-660-1625399958-592-width660height439.jpg\" /></p>\r\n\r\n<p>&nbsp;</p>\r\n\r\n<p>Haaland l&agrave; mục ti&ecirc;u số 1 của&nbsp;<a href=\"https://www.24h.com.vn/chelsea-c48e1505.html\" title=\"Chelsea\">Chelsea</a>&nbsp;m&ugrave;a h&egrave; năm nay</p>\r\n\r\n<p>Tuy nhi&ecirc;n, Chelsea vẫn c&oacute; những kinh nghiệm qu&yacute; b&aacute;u trong việc đ&agrave;m ph&aacute;n với Dortmund. Tất cả đều nhờ&nbsp;<a href=\"https://www.24h.com.vn/manchester-united-c48e1521.html\" title=\"MU\">MU</a>&nbsp;với thương vụ chi&ecirc;u mộ Jadon Sancho từ m&ugrave;a h&egrave; năm ngo&aacute;i tới nay. &quot;Quỷ đỏ&quot; cuối c&ugrave;ng đ&atilde; ho&agrave;n tất hợp đồng với Sancho trong sự bất lực của Dortmund. Đội b&oacute;ng &aacute;o V&agrave;ng-Đen c&ograve;n muốn nhiều hơn thế nhưng sự &quot;c&aacute;o gi&agrave;&quot; tr&ecirc;n b&agrave;n đ&agrave;m ph&aacute;n đ&atilde; gi&uacute;p đại diện nước Anh&nbsp;chốt xong mọi thủ tục một c&aacute;ch đầy chủ động.</p>\r\n\r\n<p>Trong khi đ&oacute;, Chelsea đang ở v&agrave;o ho&agrave;n cảnh tương tự MU.&nbsp;<a href=\"https://www.24h.com.vn/chelsea-c48e1505.html\" title=\"Đội chủ sân Stamford Bridge\">Đội chủ s&acirc;n Stamford Bridge</a>&nbsp;hiểu rằng họ sẽ rất kh&oacute; bỏ ra tới 150 triệu bảng để gi&agrave;nh sự phục vụ của Haaland. Trong bối cảnh dịch bệnh, Chelsea đang muốn tiếp x&uacute;c với Haaland v&agrave; từng bước đạt thỏa thuận c&aacute; nh&acirc;n, trước khi đ&agrave;m ph&aacute;n y&ecirc;u cầu Dortmund giảm gi&aacute;.</p>\r\n\r\n<p>Bản th&acirc;n HLV&nbsp;Thomas Tuchel c&oacute; mối quan hệ rất tốt với Dortmund bởi &ocirc;ng từng dẫn dắt đội b&oacute;ng n&agrave;y trong qu&aacute; khứ. Bởi vậy, vị chiến lược gia người Đức đủ hiểu mọi &quot;m&aacute;nh kh&oacute;e&quot; m&agrave; Dortmund &aacute;p dụng trong c&aacute;c thương vụ b&aacute;n cầu thủ. Chelsea cũng sẽ học theo MU khi họ kh&ocirc;ng qu&aacute; vội v&agrave;ng trong việc thuyết phục đội b&oacute;ng Đức nhả người.</p>\r\n\r\n<p style=\"text-align:center\"><img alt=\"Chelsea học MU ép giá Dortmund: &amp;#34;Bom tấn&amp;#34; Haaland gây bão Ngoại hạng Anh - 3\" src=\"https://cdn.24h.com.vn/upload/3-2021/images/2021-07-04/chelsea-2-660-1625399985-789-width660height371.jpg\" /></p>\r\n\r\n<p>Haaland sẽ nối g&oacute;t Sancho gia nhập Ngoại hạng Anh?</p>\r\n\r\n<p>Tr&ecirc;n thực tế, Chelsea vẫn đang đồng thời li&ecirc;n hệ với c&aacute;c ch&acirc;n s&uacute;t kh&aacute;c nhằm kịp thời c&oacute; phương &aacute;n dự ph&ograve;ng trong trường hợp Haaland ở lại Dortmund th&ecirc;m 1 m&ugrave;a giải. Tất nhi&ecirc;n, Haaland vẫn sẽ l&agrave; mục ti&ecirc;u ưu ti&ecirc;n của Chelsea bởi m&agrave;n tr&igrave;nh diễn v&ocirc; c&ugrave;ng thuyết phục m&ugrave;a giải vừa qua. Ch&acirc;n s&uacute;t sinh tại&nbsp;th&agrave;nh phố Leeds của nước Anh&nbsp;đ&atilde; ghi được 41 b&agrave;n thắng trong 41 lần ra s&acirc;n ở m&ugrave;a giải trước.&nbsp;</p>\r\n\r\n<p>Hiệu suất đ&aacute;ng kinh ngạc của Haaland gi&uacute;p anh trở th&agrave;nh c&aacute;i t&ecirc;n được nhiều &quot;&ocirc;ng lớn&quot; ch&acirc;u &Acirc;u săn đ&oacute;n v&agrave; Chelsea sẽ cần phải cho thấy tham vọng của m&igrave;nh với một lời đề nghị đủ sức nặng. Chủ tịch Roman Abramovich từng tuy&ecirc;n bố sẵn s&agrave;ng chi 100 triệu bảng để sở hữu ch&acirc;n s&uacute;t của Dortmund. Đ&oacute; cũng l&agrave; con số đủ để khiến nhiều đối thủ cạnh tranh nản l&ograve;ng.</p>\r\n\r\n<p>Dẫu vậy, vật cản cuối c&ugrave;ng của Chelsea vẫn sẽ l&agrave; Dortmund khi họ cần phải khiến đội b&oacute;ng đang chơi ở Bundesliga chấp nhận giảm gi&aacute;. Mới nhất, tờ The Telegraph đ&atilde; tiết lộ một tin vui cho người h&acirc;m mộ Chelsea. Đ&oacute; l&agrave; việc nh&agrave; v&ocirc; địch Champions League đ&atilde; bước đầu đạt thỏa thuận c&aacute; nh&acirc;n với tiền đạo người Na Uy. Đ&acirc;y chắc chắn l&agrave; một bước tiến d&agrave;i trong thương vụ &quot;bom tấn&quot; n&agrave;y v&agrave; Chelsea ch&iacute;nh l&agrave; đội b&oacute;ng được hưởng lợi nhiều nhất.</p>\r\n\r\n<p>Ch&iacute;nh Haaland cũng ngầm th&ocirc;ng b&aacute;o về sự ra đi của m&igrave;nh trong một cuộc phỏng vấn độc quyền mới đ&acirc;y. &quot;T&ocirc;i muốn thử th&aacute;ch bản th&acirc;n. Đ&oacute; l&agrave; điều t&ocirc;i lu&ocirc;n nghĩ đến. Mọi cầu thủ&nbsp;cũng n&ecirc;n hướng tới điều n&agrave;y. C&aacute;c ng&ocirc;i sao đ&ocirc;i khi kh&aacute; cầu to&agrave;n. Họ lu&ocirc;n ở trong v&ugrave;ng an to&agrave;n để giữ đỉnh cao sự nghiệp. T&ocirc;i lại kh&aacute;c. Điều quan trọng l&agrave; bạn phải tho&aacute;t ra khỏi&nbsp;tư duy đ&oacute;&quot;, Haaland chia sẻ.</p>\r\n', 'Uyên Vũ', '2021-07-15', 1, 'Chelsea vừa tiến một bước dài trong thương vụ chiêu mộ tiền đạo Erling Haaland từ Dortmund. Đây được coi là nhiệm vụ hàng đầu của \"The Blues\" trong phiên chợ hè năm nay.', 'thethao5.png'),
(61, 'Chelsea ngáng đường MU vụ \"Rob', '<p>Chelsea v&agrave;&nbsp;<a href=\"https://www.24h.com.vn/manchester-united-c48e1521.html\" title=\"Manchester United\">Manchester United</a>&nbsp;đều l&agrave; những đội b&oacute;ng đặt mục ti&ecirc;u chi&ecirc;u mộ tiền vệ Kingsley Coman của Bayern Munich thời điểm n&agrave;y. Tuy nhi&ecirc;n, cơ hội d&agrave;nh cho &quot;The Blues&quot; lại đang l&agrave; lớn hơn r&otilde; rệt d&ugrave; họ l&agrave; đội b&oacute;ng nhập cuộc chậm hơn &quot;Quỷ đỏ&quot;.</p>\r\n\r\n<p>&nbsp;</p>\r\n\r\n<p style=\"text-align:center\"><img alt=\"Chelsea ngáng đường MU vụ &amp;#34;Robben đệ nhị&amp;#34;, vung 1800 tỷ đồng chiều lòng Tuchel - 1\" src=\"https://cdn.24h.com.vn/upload/2-2021/images/2021-06-06/coman-1-660-1622975765-848-width660height392.jpg\" /></p>\r\n\r\n<p>&nbsp;</p>\r\n\r\n<p>Coman trở th&agrave;nh mục ti&ecirc;u h&agrave;ng đầu của HLV Tuchel</p>\r\n\r\n<p>Theo tờ Bild tiết lộ, c&aacute;c mối quan hệ của HLV&nbsp;<a href=\"https://www.24h.com.vn/chelsea-c48e1505.html\" title=\"Chelsea\">Chelsea</a>, Thomas Tuchel với những &quot;đầu mối&quot; tại&nbsp;Bundesliga c&oacute; thể sẽ gi&uacute;p t&acirc;n vương Champions League&nbsp;thuận lợi hơn trong việc sở hữu ng&ocirc;i sao 24 tuổi. B&aacute;o ch&iacute; Anh c&ograve;n&nbsp;cho biết th&ecirc;m, Chelsea đ&atilde; sẵn s&agrave;ng&nbsp;bỏ ra khoảng&nbsp;55 triệu bảng (tương đương 1800 tỷ đồng) để thuyết phục Bayern Munich nhả người.</p>\r\n\r\n<p>Sự th&agrave;nh c&ocirc;ng tr&ecirc;n phương diện chuy&ecirc;n m&ocirc;n đang gi&uacute;p Chelsea trở th&agrave;nh một bến đỗ l&yacute; tưởng với nhiều ng&ocirc;i sao, trong khi&nbsp;<a href=\"https://www.24h.com.vn/manchester-united-c48e1521.html\" title=\"MU\">MU</a>&nbsp;vẫn đang bị coi l&agrave; m&ocirc;i trường kh&ocirc;ng thực sự ph&ugrave; hợp với tham vọng của c&aacute;c cầu thủ h&agrave;ng đầu.&nbsp;</p>\r\n\r\n<p style=\"text-align:center\"><img alt=\"Chelsea ngáng đường MU vụ &amp;#34;Robben đệ nhị&amp;#34;, vung 1800 tỷ đồng chiều lòng Tuchel - 3\" src=\"https://cdn.24h.com.vn/upload/2-2021/images/2021-06-26/Chelsea-ngang-duong-MU-vu-coman-2-660-1622975846-600-width660height495-1624711557-175-width660height495.jpg\" /></p>\r\n\r\n<p>Tuyển thủ Ph&aacute;p được coi l&agrave; &quot;Robben đệ nhị&quot; tại Bayern Munich</p>\r\n\r\n<p>B&ecirc;n cạnh đ&oacute;, &quot;Quỷ đỏ&quot; c&ograve;n đang tập trung cho&nbsp;thương vụ chi&ecirc;u mộ Jadon Sancho của Borussia Dortmund. Bởi vậy, đội chủ s&acirc;n Old Trafford sẽ kh&oacute; l&ograve;ng đ&aacute;p ứng được những y&ecirc;u cầu m&agrave; Coman mong muốn. Tuyển&nbsp;thủ Ph&aacute;p&nbsp;mới đ&acirc;y cũng đ&atilde; thừa nhận anh muốn rời&nbsp;Bayern Munich để t&igrave;m kiếm thử th&aacute;ch mới trong sự nghiệp.</p>\r\n\r\n<p>Sở hữu lối chơi kh&aacute; đa năng tr&ecirc;n h&agrave;ng c&ocirc;ng, Coman đ&atilde; ghi 8 b&agrave;n v&agrave; c&oacute; 15 đường kiến tạo trong&nbsp;39 trận cho Bayern Munich m&ugrave;a giải qua.&nbsp;Sự linh hoạt v&agrave; khả năng r&ecirc; dắt ấn tượng gi&uacute;p Coman được nhiều chuy&ecirc;n gia đ&aacute;nh gi&aacute; cao v&agrave; coi l&agrave; &quot;Robben đệ nhị&quot; tại Bundesliga.</p>\r\n\r\n<p>Bản th&acirc;n HLV&nbsp;Thomas Tuchel rất y&ecirc;u th&iacute;ch c&aacute;ch chơi của tiền vệ người Ph&aacute;p. C&ograve;n nhớ, ch&iacute;nh Coman l&agrave; t&aacute;c giả b&agrave;n thắng duy nhất gi&uacute;p Bayern đ&aacute;nh bại PSG ở trận chung kết Champions League c&aacute;ch đ&acirc;y 1 năm, thời điểm Tuchel vẫn c&ograve;n đang nắm quyền ở PSG. Dễ hiểu v&igrave; sao chiến lược gia người Đức đang th&uacute;c giục Chelsea nhanh ch&oacute;ng chốt sớm thương vụ n&agrave;y nhằm bổ sung sự hiệu quả cho h&agrave;ng c&ocirc;ng &quot;The Blues&quot;.</p>\r\n', 'Uyên vũ', '2021-07-15', 1, 'Chelsea vừa chính thức gia nhập cuộc đua giành chữ ký ngôi sao của Bayern Munich, Kingsley Coman. Đây là động thái khiến MU phải lo lắng bởi \"The Blues\" đang có nhiều lợi thế hơn trong cuộc chiến này.', 'thethao6.png');
INSERT INTO `tintuc` (`matin`, `tieude`, `noidung`, `tacgia`, `ngayviet`, `maloaitin`, `MoTa`, `hinhanh`) VALUES
(62, 'Bật mí thương hiệu quốc nội ti', '<p>Mini game &ldquo;Dự đo&aacute;n đ&uacute;ng - Tr&uacute;ng qu&agrave; hay&rdquo; của AIP CORP đ&atilde; g&oacute;p phần cổ vũ đội tuyển b&oacute;ng đ&aacute; Việt Nam trong trận cầu gặp Malaysia tại v&ograve;ng loại World Cup 2022. Sự kiện đặc biệt n&agrave;y đ&atilde; thu h&uacute;t nhiều người hưởng ứng đồng h&agrave;nh.</p>\r\n\r\n<p style=\"text-align:center\"><img alt=\"Bật mí thương hiệu quốc nội tiếp cận trận cầu Việt Nam – Malaysia - 1\" src=\"https://cdn.24h.com.vn/upload/2-2021/images/2021-06-12/Bat-mi-thuong-hieu-quoc-noi-tiep-can-tran-cau-Viet-Nam--Malaysia-2-1623490129-846-width600height408.jpg\" /></p>\r\n\r\n<p style=\"text-align:center\"><img alt=\"Bật mí thương hiệu quốc nội tiếp cận trận cầu Việt Nam – Malaysia - 2\" src=\"https://cdn.24h.com.vn/upload/2-2021/images/2021-06-12/Bat-mi-thuong-hieu-quoc-noi-tiep-can-tran-cau-Viet-Nam--Malaysia-1-1623490129-989-width600height390.jpg\" /></p>\r\n\r\n<p>AIP CORP đột ph&aacute; mang thương hiệu ra quảng b&aacute; s&acirc;n chơi v&ograve;ng loại World cup</p>\r\n\r\n<p>C&oacute; thể n&oacute;i kh&ocirc;ng chỉ th&agrave;nh c&ocirc;ng ở V&ograve;ng chung kết U23 ch&acirc;u &Aacute; năm 2018, m&agrave; một năm sau đ&oacute;, b&oacute;ng đ&aacute; Việt Nam lại tiếp tục th&agrave;nh c&ocirc;ng ở cấp độ cao hơn, khi đội tuyển quốc gia Việt Nam v&agrave;o đến tứ kết Asian Cup 2019, chỉ chịu thua đội b&oacute;ng thuộc cường quốc b&oacute;ng đ&aacute; số một ch&acirc;u lục l&agrave; Nhật Bản 0 - 1 ở tứ kết.</p>\r\n\r\n<p>Những th&agrave;nh c&ocirc;ng li&ecirc;n tiếp đấy l&agrave; minh chứng cho sự trưởng th&agrave;nh vượt bậc của một thế hệ cầu thủ t&agrave;i năng của b&oacute;ng đ&aacute; Việt Nam.</p>\r\n\r\n<p style=\"text-align:center\"><img alt=\"Bật mí thương hiệu quốc nội tiếp cận trận cầu Việt Nam – Malaysia - 3\" src=\"https://cdn.24h.com.vn/upload/2-2021/images/2021-06-12/Bat-mi-thuong-hieu-quoc-noi-tiep-can-tran-cau-Viet-Nam--Malaysia-3-1623490129-928-width600height393.jpg\" /></p>\r\n\r\n<p>Trong kh&oacute; khăn dịch bệnh, cổ động vi&ecirc;n Việt Nam vẫn rực rỡ kh&aacute;n đ&agrave;n</p>\r\n\r\n<p>Sự kiện mini game c&oacute; thể n&oacute;i đem đến niềm tin, sự cổ vũ to lớn cho c&aacute;c cầu thủ của đội tuyển Việt Nam. D&ugrave; bất kể l&agrave; hoạt động n&agrave;y của đất nước, AIP CORP lu&ocirc;n tạo ra những s&acirc;n chơi &yacute; nghĩa để to&agrave;n thể nh&acirc;n vi&ecirc;n c&ugrave;ng tham gia hưởng ứng, đ&oacute; l&agrave; h&agrave;nh động x&acirc;y dựng một nếp sống l&agrave;nh mạnh, gắn kết với cộng đồng. Từ đ&oacute; tạo ra sự cộng hưởng, đo&agrave;n kết, gắn b&oacute; giữa nh&acirc;n vi&ecirc;n, đối t&aacute;c v&agrave; kh&aacute;ch h&agrave;ng.</p>\r\n\r\n<p>Mini game &ldquo;Dự đo&aacute;n đ&uacute;ng &ndash; Tr&uacute;ng qu&agrave; hay&rdquo; ph&aacute;t động đ&uacute;ng thời điểm, đ&atilde; g&oacute;p phần ho&agrave; nhịp theo h&agrave;ng triệu con tim, AIP CORP đ&atilde; g&oacute;p phần cổ vũ cho đội tuyển Việt Nam chiết thắng tại v&ograve;ng loại World Cup 2022.</p>\r\n\r\n<p>Đặc biệt hơn, để nh&acirc;n đ&ocirc;i niềm vui đ&oacute;n ch&agrave;o đội tuyển Việt Nam tham dự v&ograve;ng loại 2 World Cup 2022, AIP CORP đ&atilde; đồng loạt đưa c&aacute;c nh&atilde;n hiệu sơn AZAMI, SAKURA, MARKUS sẽ ch&iacute;nh thức xuất hiện tr&ecirc;n s&acirc;n vận động Al Maktoum trong trận đấu Việt Nam - Malaysia, trận đấu ch&iacute;nh thức l&ecirc;n s&oacute;ng ng&agrave;y 11/06/2021.</p>\r\n', 'Uyên Vũ', '2021-07-15', 1, 'AIP CORP vinh dự trở thành thương hiệu quốc nội được đồng hành trong trận đấu vòng loại World Cup 2022 của Việt Nam và Malaysia.', 'thethao7.png');

-- --------------------------------------------------------

--
-- Table structure for table `user`
--

CREATE TABLE `user` (
  `user_id` int(11) NOT NULL,
  `matkhau` varchar(25) COLLATE utf8_unicode_ci NOT NULL,
  `tenhienthi` varchar(25) COLLATE utf8_unicode_ci NOT NULL
) ENGINE=InnoDB DEFAULT CHARSET=utf8 COLLATE=utf8_unicode_ci;

--
-- Dumping data for table `user`
--

INSERT INTO `user` (`user_id`, `matkhau`, `tenhienthi`) VALUES
(0, '1', '1'),
(101, 'vpu', 'vuphuonguyen'),
(102, 'sn', 'sieunhan'),
(103, 'xg', 'xinhgai'),
(104, 'spm', 'superman');

--
-- Indexes for dumped tables
--

--
-- Indexes for table `loaitin`
--
ALTER TABLE `loaitin`
  ADD PRIMARY KEY (`maloai`);

--
-- Indexes for table `luotxem`
--
ALTER TABLE `luotxem`
  ADD PRIMARY KEY (`MaTin`);

--
-- Indexes for table `tintuc`
--
ALTER TABLE `tintuc`
  ADD PRIMARY KEY (`matin`),
  ADD KEY `maloaitin` (`maloaitin`);

--
-- Indexes for table `user`
--
ALTER TABLE `user`
  ADD PRIMARY KEY (`user_id`);

--
-- AUTO_INCREMENT for dumped tables
--

--
-- AUTO_INCREMENT for table `luotxem`
--
ALTER TABLE `luotxem`
  MODIFY `MaTin` int(11) NOT NULL AUTO_INCREMENT, AUTO_INCREMENT=63;

--
-- AUTO_INCREMENT for table `tintuc`
--
ALTER TABLE `tintuc`
  MODIFY `matin` int(11) NOT NULL AUTO_INCREMENT, AUTO_INCREMENT=63;

--
-- Constraints for dumped tables
--

--
-- Constraints for table `tintuc`
--
ALTER TABLE `tintuc`
  ADD CONSTRAINT `tintuc_ibfk_1` FOREIGN KEY (`maloaitin`) REFERENCES `loaitin` (`maloai`);
COMMIT;

/*!40101 SET CHARACTER_SET_CLIENT=@OLD_CHARACTER_SET_CLIENT */;
/*!40101 SET CHARACTER_SET_RESULTS=@OLD_CHARACTER_SET_RESULTS */;
/*!40101 SET COLLATION_CONNECTION=@OLD_COLLATION_CONNECTION */;
